UIC;Gare;Service Wifi
741645;Albertville;Non
381848;Argenteuil;Oui
543090;Angerville;Non
444539;Argentan;Non
592311;Ambazac;Non
753657;Arles;Non
317016;Boulogne-Tintelleries;Non
386730;Aubergenville-Élisabethville;Non
271304;Aubervilliers-La Courneuve;Oui
276543;Auvers-sur-Oise;Non
683573;Auxerre-St-Gervais;Non
111864;Balsièges-Bourg;Non
672774;Bedous;Non
611095;Boussens;Non
276451;Bruyères-sur-Oise;Non
594762;Bretenoux-Biars;Non
545194;Brétigny;Oui
615625;Carmaux;Non
313395;Poix-de-Picardie;Non
725804;Pont-de-Veyle;Non
586404;Pont-du-Casse;Non
734459;Pont-de-Dore;Non
214692;Schirmeck-La Broque;Non
673251;Saubusse-les-Bains;Non
444695;Sées;Non
431791;Rougemont-Chanteloup;Non
295709;Sains-du-Nord;Non
213249;Reichshoffen-Ville;Non
753251;Rognac;Non
613422;Rodez;Non
271486;Parc-des-Expositions;Oui
581710;Parempuyre;Non
576322;St-Amand-Montrond-Orval;Non
751826;St-Antoine (MR);Non
595249;St-Astier;Non
611301;St-Agne;Non
672337;Peyrehorade;Non
611509;Porté-Puymorens;Non
444620;Rai-Aube;Non
144204;Poussay;Non
271817;Soissons;Non
751438;Simiane;Non
683003;Sens;Non
696450;Imphy;Non
481069;La Basse-Indre-St-Herblain;Non
641464;La Bourboule;Non
215491;Keskastel;Non
755611;La Crau;Non
592048;Les Bardys;Non
473587;Les Mais;Non
783308;Le Monastier;Non
316687;Le Haut-Banc;Non
295220;Le Cateau;Non
193383;Herny;Non
182386;Gunsbach-Griesbach;Non
276360;Groslay;Oui
681627;Le Plessis-Chenet;Non
722298;Le Sablon;Non
393256;La Verrière;Oui
611459;Lavilledieu;Non
721431;L'Arbresle;Non
282624;Lyon-Jean-Macé;Non
381509;Mantes-la-Jolie;Non
485334;Marigny (Deux-Sèvres);Non
576132;Marmagne;Non
295006;Maubeuge;Non
214577;Molsheim;Non
672709;Ogeu-les-Bains;Non
743351;Nurieux;Non
381020;Neuilly-Porte-Maillot;Non
761239;L'Isle-d'Abeau;Non
592410;Nieul (Haute-Vienne);Non
775007;Nîmes;Oui
586453;Monsempron-Libos;Non
396044;Montbizot;Non
723569;Montluel;Non
182733;Muhlbach-sur-Munster;Non
715433;Morbier;Non
673103;Morcenx;Non
142109;Lorraine-TGV;Oui
571471;Loches;Non
775858;Aigues-Mortes;Non
775833;Aimargues;Non
608802;Créteil-Pompadour;Oui
615484;Damiatte-St-Paul;Non
575357;Épanvilliers;Non
545137;Étampes;Oui
474064;Châteaulin-Embranchement;Non
113522;Chenay-Gagny;Non
276311;Chevrières;Non
583443;Chasseneuil-sur-Bonnieure;Non
722561;Chasse-sur-Rhône;Non
743302;Ceyzériat;Non
543033;Cercottes;Non
481390;Challans;Non
396309;Connerré-Beillé;Non
286260;Comines-France;Non
471326;Corps-Nuds;Non
718270;Cousance;Non
718213;Domblans-Voiteur;Non
215665;Diemeringen;Non
721506;Écully-la-Demi-Lune;Non
276071;Franconville-Plessis-Bouchard;Oui
725663;Fleurville-Pont-de-Vaux;Non
611962;Fenouillet-St-Alban;Non
172874;Fépin;Non
726877;Feurs;Non
773556;Frontignan;Non
393439;Garancières-la-Queue;Non
775213;Génolhac;Non
691436;Garchizy;Non
672618;Gan;Non
734301;St-Georges-d'Aurac;Non
181016;St-Louis-la-Chaussée;Non
775841;St-Laurent-d'Aigouze;Non
545350;St-Martin-d'Étampes;Non
141101;Varangéville-St-Nicolas;Non
297119;Verneuil-sur-Serre;Non
381814;Vaux-sur-Seine;Non
172114;Vireux-Molhain;Non
683706;Voutenay;Non
286542;Tourcoing;Non
472605;Thann-Centre;Non
586446;Trentels-Ladignac;Non
746875;Vallorcine;Non
276535;Valmondois;Non
182352;Turckheim;Non
476606;Vannes;Oui
681809;Villeneuve-St-Georges-Triage;Non
272021;Villaines (Val-d'Oise);Non
681304;Vigneux-sur-Seine;Oui
581835;Villenave-d'Ornon;Non
594218;Vigeois;Non
486142;Belleville-Vendée;Non
641068;Bellenaves;Non
753228;Berre;Non
281139;Cassel;Non
394270;Bretoncelles;Non
613224;Aubin;Non
545731;Bonneval;Non
393603;Bourth;Non
682161;Cesson;Non
172262;Amagne-Lucquy;Non
671479;Arengosse;Non
278259;Arlac;Non
295055;Anor;Non
775221;Chamborigaud;Non
396275;Champagné;Non
783530;Chanac;Non
481564;La Chapelle-Centre;Non
487843;La Bohalle;Non
396333;Le Theil-La Rouge;Non
175240;Lérouville;Non
481788;Le Croisic;Non
726828;Le Coteau;Non
592337;La Jonchère;Non
481416;La Haie-Fouassière;Non
682476;La Grande-Paroisse;Non
576082;La Ferté-Imbault;Non
611574;Les Cabannes;Non
781559;Les Cabrils;Non
491472;Jarnac-Charente;Non
611855;Lamagistère;Non
313494;Ham (Somme);Non
590331;Haluchère;Non
297523;Hachette;Non
192724;Hatrize;Non
172544;Liart;Non
751404;Aix-en-Provence;Non
271510;Villeparisis;Non
545202;St-Michel-sur-Orge;Oui
743112;St-Martin-du-Mont;Non
276105;St-Ouen-l'Aumône;Non
439554;Vitrolles-Aéroport-Marseille-P;Non
143024;Vraincourt-Viéville;Non
342535;Vis-à-Marles;Non
545707;Voves;Non
775361;St-Geniès-de-Malgoirès;Non
741223;St-Pierre-d'Albigny;Non
671362;St-Pé-de-Bigorre;Non
313288;St-Remy-en-l'Eau;Non
382374;Suresnes-Mont-Valérien;Non
491043;Taillebourg;Non
118257;Vendeuvre (Aube);Non
382267;Vaucresson;Non
276626;Vaucelles;Non
543199;Theillay (Loir-et-Cher);Non
393587;Tillières;Non
172221;Vrigne-Meuse;Non
193649;Zetting;Non
481457;Cugand-la-Bernardière;Non
286716;Croix-Wasquehal;Non
765180;Courthézon;Non
761783;Crest;Non
381459;Conflans-Fin-d'Oise;Oui
681007;Corbeil-Essonnes;Non
175737;Clermont-en-Argonne;Non
116574;Chézy-sur-Marne;Non
545285;Choisy-le-Roi;Oui
141648;Diarville;Non
172064;Deville;Non
478073;Dol;Non
481150;Mauves-sur-Loire;Non
345546;Maurois;Non
598755;Limoux-Flassian;Non
595553;Limeyrat;Non
444265;Lisieux;Oui
762906;Lyon-St-Exupéry-TGV;Oui
718239;Lons-le-Saunier;Non
116228;Marles-en-Brie;Non
713065;Mâlain;Non
393892;Montfort-l'Amaury-Mère;Non
411454;Montérolier-Buchy;Non
296418;Montescourt;Non
172056;Monthermé;Non
618207;Montlaur;Non
734335;Monistrol-d'Allier;Non
212100;Mundolsheim;Non
611038;Muret;Non
696187;Mesves-Bulcy;Non
213207;Mertzwiller;Non
191338;Metzervisse;Non
141499;Messein;Non
671313;Ossun;Non
313841;Fouilloy;Non
214734;Fouday;Non
193359;Faulquemont;Non
276147;Épluches;Non
182626;Fellering;Non
212241;Graffenstaden;Non
214270;Goxwiller;Non
595769;Siorac-en-Périgord;Non
286195;St-André (Nord);Non
182691;Staffelfelden;Non
476416;Plouharnel-Carnac;Non
473132;Plouvara-Plerneuf;Non
381111;Pont-Cardinet;Non
696179;Pouilly-sur-Loire;Non
118158;Romilly-sur-Seine;Non
592253;Pierre-Buffière;Non
393652;Petit-Vaux;Non
473181;Plouaret;Non
144014;St-Dié;Non
411215;St-Étienne-du-Rouvray;Non
476762;St-Gildas-des-Bois;Non
485490;St-Maixent (Deux-Sèvres);Non
694364;St-Léger-sur-Dheune;Non
713651;St-Jean-de-Losne;Non
141598;Tantonville;Non
144097;Thaon;Non
393595;Verneuil-sur-Avre;Non
611863;Valence-d'Agen;Non
212118;Vendenheim;Non
722264;Vernaison;Non
447284;Valognes;Non
743328;Villereversure;Non
448159;Vire;Non
286740;Tressin;Non
141010;Jarville-la-Malgrange;Non
543124;La Ferté-St-Aubin;Non
571547;Neuillé-Pont-Pierre;Non
595132;Négrondes;Non
988709;Remise-à-Jorelle;Non
144451;Remiremont;Non
615260;Quillan;Non
545236;Savigny-sur-Orge;Oui
212225;Saverne;Non
594622;St-Aulaire;Non
471318;St-Armel;Non
342295;Steenbecque;Non
175000;St-Dizier;Non
393223;St-Cyr;Oui
181065;Walheim;Non
214676;Wisches;Non
734723;Vorey;Non
172031;Joigny-sur-Meuse;Non
545244;Juvisy;Non
615476;Lavaur;Non
276204;Laigneville;Non
476234;Landévant;Non
594424;Larche;Non
417501;Lancey;Non
413302;Harfleur;Non
565143;Halte de Fontanil-Lycée Drap;Non
109306;Lille CHR;Non
734442;Lezoux;Non
393165;Porchefontaine;Non
345124;Pont-de-Sallaumines;Non
474056;Pont-de-Buis;Non
485532;Rouillé;Non
164798;La Plaine-Stade-de-France;Oui
476267;Les Sables-Blancs;Non
286849;Lesquin;Non
613489;Lexos;Non
759290;Picon-Busserine;Non
342089;Roeux (Pas-de-Calais);Non
276352;Rieux-Angicourt;Non
747246;Rives;Non
722546;Sérézin;Non
715219;Labergement-Ste-Marie;Non
723395;La Verpillière;Non
172072;Laifour;Non
721522;Le Méridien;Non
753509;Martigues;Non
756254;Nice-St-Augustin;Non
574699;Notre-Dame-d'Oé;Non
485300;Niort;Oui
756403;Monaco-Monte-Carlo;Non
684001;Montargis;Non
671016;Mont-de-Marsan;Non
694307;Montchanin;Non
171256;Montbré;Non
597104;Lothiers;Non
581181;Ludon;Non
172189;Lumes;Non
781666;Magalas;Non
576280;Lunery;Non
486431;Olonne-sur-Mer;Non
317362;Abbeville;Non
781278;Agde;Oui
182840;Bantzenheim;Non
718551;Avoudrey;Non
576447;Bengy;Non
783654;Allenc;Non
317610;Beau-Marais;Non
756833;Breil-sur-Roya;Non
193177;Bouzonville;Non
681478;Boutigny;Non
313809;Blangy-sur-Bresle;Non
574475;Bléré-la-Croix;Non
172049;Bogny-sur-Meuse;Non
597120;Argenton-sur-Creuse;Non
757674;Antibes;Oui
756320;Cagnes-sur-Mer;Non
615286;Carcassonne;Oui
382655;Cergy-le-Haut;Oui
214528;Entzheim-Aéroport;Non
641449;Durtol-Nohanent;Non
191379;Ébersviller;Non
214106;Ebersheim;Non
394114;Épernon;Non
683532;Chemilly-Appoigny;Non
296616;Chauny;Non
144287;Contrexéville;Non
272286;Corcy;Non
478180;Corseul-Languenan;Non
171710;Courcy-Brimont;Non
481820;Cordemais;Non
394221;Courville-sur-Eure;Non
271148;Épinay-sur-Seine;Oui
722579;Estressin;Non
396200;Domfront (Sarthe);Non
595280;Douzillac;Non
764290;Donzère;Non
142273;Donjeux;Non
682211;Fontainebleau-Avon;Non
191395;Freistroff;Non
741629;Frontenex;Non
193003;Forbach;Non
485326;Fors;Non
763003;Gap;Non
713008;Dijon-Porte-Neuve;Non
575191;Dissay (Vienne);Non
191320;Distroff;Non
755355;Cuers-Pierrefeu;Non
613802;Cordes-Vindrac;Non
296152;Crépy-Couvron;Non
181040;Flaxlanden;Non
342527;Farbus;Non
721761;Chessy;Non
396895;Clermont-La Rotonde;Non
394288;Condé-sur-Huisne;Non
784256;Collioure;Non
387001;Évreux-Embranchement;Oui
345496;Escaudoeuvres;Non
784207;Elne;Non
540179;Dourdan-la-Forêt;Non
171512;Dormans;Non
393058;Champ-de-Mars-Tour-Eiffel;Oui
172007;Charleville-Mézières;Oui
722702;Francheville;Non
694638;Galuzot;Non
746248;Groisy-Thorens-la-Caille;Non
576025;Romorantin (Voie étroite);Non
214320;Rosheim;Non
545210;Ste-Geneviève-des-Bois;Non
396234;Sillé-le-Guillaume;Non
683722;Sermizelles-Vézelay;Non
725614;Sennecey-le-Grand;Non
271445;Sevran-Beaudottes;Oui
746719;Servoz;Non
753202;St-Chamas;Non
193318;St-Avold;Non
584730;St-Loubès;Non
582825;St-Macaire;Non
271460;Roissy-Aéroport-CDG 1;Non
193789;Rohrbach-lès-Bitche;Non
597039;Reuilly (Indre);Non
746511;Reignier;Non
595827;Sarlat;Non
174441;St-Hilaire-au-Temple;Non
611103;St-Martory;Non
755314;La Pauline-Hyères;Non
592378;La Souterraine;Non
487884;La Ménitré;Non
584441;Lalinde;Non
338517;Hoenheim-Tram;Non
214510;Holtzheim;Non
345397;Iwuy;Non
677005;Hendaye;Oui
784710;Joncet;Non
775866;Le Grau-du-Roi;Non
574251;La Chaussée-St-Victor;Non
645150;La Capelle-Viescamp;Non
595215;La Cave;Non
763755;Laragne;Non
677104;Les Deux Jumeaux;Non
586438;Penne (Lot-et-Garonne);Non
393421;Plaisir-Grignon;Non
581256;Pauillac;Non
755389;Pignans;Non
784637;Prades-Molitg-les-Bains;Non
485359;Prissé-la-Charrière;Non
582718;Portets;Non
295022;Recquignies;Non
486894;Torfou;Non
171264;Trois-Puits;Non
193771;Woelfling-lès-Sarreguemines;Non
683102;Villeneuve-la-Guyard;Non
615492;Vielmur-sur-Agout;Non
681619;Villabé;Non
582833;St-Pierre-d'Aurillac;Non
571240;St-Pierre-des-Corps;Oui
296004;St-Quentin;Non
313593;Villers-St-Sépulcre;Non
276378;Villers-St-Paul;Non
618215;Villenouvelle;Non
271452;Villepinte;Non
144063;Vincey;Non
281436;Watten-Éperlecques;Non
144279;Vittel;Non
296608;Versigny;Non
313247;Breteuil-Embranchement;Non
764357;Bollène-la-Croisière;Non
757534;Boulouris-sur-Mer;Non
413351;Bolbec-Nointot;Non
746339;Bonneville;Non
756379;Beaulieu-sur-Mer;Non
783670;Belvezet;Non
592485;Bellac;Non
317230;Auchy-lès-Hesdin;Non
318964;Avignon-TGV;Oui
141531;Bainville;Non
192401;Ars-sur-Moselle;Non
192302;Bénestroff;Non
345553;Bertry;Non
592873;Chabanais;Non
611079;Cazères-sur-Garonne;Non
276063;Cernay (Val-d'Oise);Non
785006;Cerbère;Non
741132;Aix-les-Bains-Le Revard;Oui
172858;Anchamps;Non
595157;Agonac;Non
775288;Alès;Non
575332;Anché-Voulon;Non
721324;Anse;Non
682450;Champagne-sur-Seine;Non
276519;Champagne-sur-Oise;Non
342139;Noeux-les-Mines;Non
751081;Marseille-Blancarde;Non
683847;Mailly-la-Ville;Non
342469;Marquillies;Non
545111;Monnerville;Non
713131;Montbard;Non
746412;Magland;Non
276493;Montsoult-Maffliers;Non
615773;Luc-Primaube;Non
671339;Lourdes;Oui
615542;Mazamet;Non
682005;Melun;Oui
592022;Limoges-Montjovis;Non
761247;Livron;Non
393553;Nonancourt;Non
286583;Orchies;Non
386052;Achères-Grand-Cormier;Non
485193;Aigrefeuille-Le Thou;Non
741256;Aiguebelle;Non
715326;Champagnole;Non
313833;Formerie;Non
172098;Fumay;Non
141036;Foug;Non
345132;Coron-de-Méricourt;Non
171769;Coucy-lès-Eppes;Non
144386;Colroy-Lubine;Non
696146;Cosne;Non
381129;Clichy-Levallois;Oui
184259;Chèvremont;Non
571687;Chinon;Non
313544;Cramoisy;Non
297143;Dercy-Froidmont;Non
287185;Deûlémont;Non
214551;Dachstein;Non
396226;Crissé;Non
484113;Écouflant;Non
478040;Dingé;Non
381566;Gargenville;Non
386763;Épône-Mézières;Non
721563;Fleurieux-sur-l'Arbresle;Non
484154;Étriché-Châteauneuf;Non
611046;Fauga;Non
386425;Maisons-Laffitte;Oui
476689;Malansac;Non
595322;Montpon-Ménestérol;Non
583674;Montmoreau;Non
174409;Mourmelon-le-Petit;Non
751008;Marseille-St-Charles;Oui
784629;Marquixanes;Non
584466;Mauzac;Non
721423;Lozanne;Non
141481;Ludres;Non
574194;Mer (Loir-et-Cher);Non
681411;Mennecy;Non
571406;Montbazon;Non
743591;Molinges;Non
271775;Longpont;Non
213165;Obermodern;Non
411207;Oissel;Non
755363;Puget-Ville;Non
734152;Sarliève-Cournon;Non
618710;Saléchan-Siradan;Non
214684;Russ-Hersbach;Non
491001;Saintes;Non
476457;Quiberon;Non
474155;Rosporden;Non
583203;Ruelle;Non
722652;St-Clair-les-Roches;Non
411272;Pavilly-Station;Non
721464;Pontcharra-St-Forgeux;Non
697326;Pierrefite-Stains TT;Non
141820;Pont-à-Mousson;Non
715003;Pontarlier;Non
745828;Seyssel-Corbonod;Non
576272;St-Florent-sur-Cher;Non
543181;Boulainvilliers;Non
141135;Blainville-Damelevières;Non
645184;Boisset (Cantal);Non
743526;Bellignat;Non
784298;Banyuls-sur-Mer;Non
571638;Azay-le-Rideau;Non
286179;Bailleul (Nord);Non
783266;Aumont-Aubrac;Non
381038;Avenue-Foch;Non
574152;Baule;Non
214247;Barr;Non
345587;Cattenières;Non
191684;Auboué;Non
721035;Amplepuis;Non
582668;Arcachon;Non
613109;Capdenac;Non
671156;Capvern;Non
682120;Brunoy;Oui
387092;Bueil;Non
276725;Chambly;Non
303875;Ingersheim-Cité-Scolaire;Non
297085;La Bouteille;Non
576470;La Guerche-sur-l'Aubois;Non
576355;La Gauterie;Non
582635;La Hume;Non
756809;L'Escarène;Non
581314;Lesparre;Non
746107;Grésy-sur-Aix;Non
413708;Harfleur-Halte;Non
764472;Le Teil (Ardèche);Non
594614;Le Burg;Non
682179;Le Mée;Non
141093;Laneuveville-devant-Nancy;Non
476226;Landaul-Mendon;Non
575118;Les Ormes-sur-Vienne;Non
481259;Les Moutiers-en-Retz;Non
584532;Les Églisottes;Non
746743;Les Houches;Non
721555;Lentilly;Non
751529;L'Ariane;Non
213454;Hunspach;Non
193540;Hundling;Non
718528;L'Hôpital-du-Grosbois;Non
671172;Tournay (Hautes-Pyrénées);Non
734715;St-Vincent-le-Château;Non
182378;Wihr-au-Val-Soultzbach-les-Bai;Non
286526;Wattignies-Templemars;Non
212175;Wilwisheim;Non
747337;Voreppe;Non
297150;Voyenne;Non
471169;St-Senoux-Pléchâtel;Non
761718;St-Marcellin (Isère);Non
753681;St-Martin-de-Crau;Non
574459;St-Martin-le-Beau;Non
742320;St-Jean-de-Maurienne-Arvan;Non
613893;Villefranche-de-Rouergue;Non
393215;Viroflay-Rive-Gauche;Non
313437;Villers-Bretonneux;Non
393538;Vauboyen;Non
761007;Valence;Non
613398;Albias;Non
775346;Boucoiran;Non
478065;Bonnemain;Non
726414;Bonson;Non
611533;Ax-les-Thermes;Non
616011;Avignonet;Non
683789;Avallon;Non
481770;Batz-sur-Mer;Non
781609;Bédarieux;Non
783563;Barjac;Non
141424;Bertrichamps;Non
673400;Biarritz;Oui
393363;Beynes;Non
694612;Blanzy;Non
574004;Blois;Oui
641266;Bourg-Lastic-Messeix;Non
172353;Carignan;Non
473199;Plounérin;Non
281410;Pont-d'Ardres;Non
491282;Ste-Eulalie-Carbon-Blanc;Non
116178;Ste-Colombe-Septveilles;Non
584508;St-Denis-de-Pile;Non
723700;Sathonay-Rillieux;Non
214205;Scherwiller;Non
746438;Sallanches-Combloux-Megève;Non
191734;Rombas-Clouange;Non
413740;Rolleville;Non
681338;Ris-Orangis;Non
212407;Roeschwoog;Non
193623;Rémelfing;Non
784868;Osséja;Non
753285;Pas-des-Lanciers;Non
618116;Pins-Justaret;Non
286278;Pérenchies;Non
276329;Pont-Ste-Maxence;Non
784702;Serdinya;Non
545517;Sermaise;Non
116616;Isles-Armentières;Non
753418;Istres;Non
635581;La Barasse;Non
175711;Les Islettes;Non
726711;Le Chambon-Feugerolles;Non
755405;Le Luc-et-Le Cannet;Non
394437;Illiers-Combray;Non
476259;Hennebont;Non
396036;La Guierche;Non
691394;La Marche;Non
584755;La Gorp;Non
276212;Liancourt-Rantigny;Non
215160;Lutzelbourg;Non
611236;Luchon;Non
751321;Manosque-Gréoux-les-Bains;Non
723197;Lyon-Part-Dieu;Oui
684415;Malesherbes;Non
213603;Marienthal;Non
281873;Magenta;Oui
271528;Mitry-Claye;Non
444208;Mézidon;Non
723528;Miribel;Non
684126;Nemours-St-Pierre;Non
182055;Mulhouse-Dornach;Non
141507;Neuves-Maisons;Non
756353;Nice-Riquier;Non
611806;L'Isle-Jourdain (Gers);Non
756056;Nice-Ville;Oui
781179;Nissan;Non
381830;Meulan-Hardricourt;Non
611525;Mérens-les-Vals;Non
147322;Meuse-TGV;Oui
182816;Metzeral;Non
784793;Mont-Louis-La Cabanasse;Non
116400;Montry-Condé;Non
574855;Montrichard;Non
411280;Motteville;Non
411439;Morgny;Non
476002;Lorient;Oui
757559;Agay;Non
182253;Dannemarie;Non
694778;Chauffailles;Non
597005;Châteauroux;Oui
543041;Chevilly;Non
775148;Chasseradès;Non
276162;Chaponval;Non
734731;Chamalières-sur-Loire;Non
141572;Ceintrey;Non
473066;Caulnes;Non
747626;Clelles-Mens;Non
571836;Cinq-Mars;Non
192666;Conflans-Jarny;Non
571430;Cormery;Non
444414;Dives-Cabourg;Non
415018;Dieppe;Non
571612;Druye;Non
576173;Faubourg-d'Orléans;Non
757518;Fréjus-St-Raphaël;Non
113514;Gagny;Oui
713842;Gemeaux;Non
476309;Gestel;Non
713503;Gevrey-Chambertin;Non
726174;St-Étienne-Le Clapier;Non
181552;St-Gilles (Haut-Rhin);Non
615138;Verzeille;Non
342113;Vitry-en-Artois;Non
761106;St-Rambert-d'Albon;Non
718320;St-Vit;Non
784744;Thuès-les-Bains;Non
411181;Tourville;Non
272054;Thieux-Nantouillet;Non
296442;Tergnier;Non
696203;Tronsanges;Non
672386;Urt;Non
645101;Ytrac;Non
723759;Villars-les-Dombes;Non
381152;Boissy-l'Aillerie;Non
300822;Belfort-Montbéliard-TGV;Oui
144147;Bains-les-Bains;Non
448514;Avranches;Non
751776;Cassis;Non
131961;Brion-Montréal-la-Cluse;Non
723429;Bourgoin-Jallieu;Non
171322;Breuil-Romain;Non
722728;Brignais;Non
592063;Brignac;Non
581538;Caudéran-Mérignac;Non
313874;Amiens;Oui
721530;Charbonnières-les-Bains;Non
276113;Chantilly-Gouvieux;Non
486308;La Chaize-le-Vicomte;Non
159947;Ker-Lann-Bruz;Non
382366;Le Val-d'Or;Oui
345223;Leforest;Non
734707;Lavoûte-sur-Loire;Non
681395;Le Bras-de-fer;Oui
673095;Le Boucau;Non
116319;Lagny-Thorigny;Non
715144;La Rivière;Non
296632;La Fère;Non
386664;Les Clairières-de-Verneuil;Non
317305;Les Fontinettes;Non
747535;Jarrie-Vizille;Non
396556;Laigné-St-Gervais;Non
474239;Landerneau;Non
181024;Hasenrain;Non
286062;Hellemmes;Non
718130;Liesle;Non
113795;Villiers-sur-Marne-Le Plessis-;Oui
491258;Villeneuve-la-Comtesse;Non
271734;Villers-Cotterêts;Non
751644;St-Louis-les-Aygalades;Non
413310;St-Laurent-Gainneville;Non
271247;St-Ouen;Oui
396077;Vivoin-Beaumont;Non
337980;St-Ouen-l'Aumône-Liesse;Non
743740;St-Rambert-en-Bugey;Non
313684;St-Sulpice-Auteuil;Non
447714;St-Sever (Calvados);Non
721043;St-Victor-Thizy;Non
615674;Tanus;Non
723320;Vénissieux-Voyageurs;Non
682468;Vernou-sur-Seine;Non
732008;Vichy;Oui
415877;Val-de-Reuil;Non
381236;Trie-Château;Non
342287;Thiennes;Non
586651;Tonneins;Non
682252;Thomery;Non
193342;Teting;Non
756882;Tende;Non
317123;Wimille-Wimereux;Non
681635;Coudray-Montceaux;Non
641415;Commentry;Non
381087;Colombes;Oui
175257;Commercy;Non
182014;Colmar;Oui
144071;Châtel-Nomexy;Non
545756;Châteaudun;Non
276345;Deuil-Montmagny;Non
343459;Denain;Non
481721;Donges;Non
393579;Massy-Palaiseau-Grande-Ceintur;Oui
595728;Mauzens-Miremont;Non
276303;Longueil-Ste-Marie;Non
295535;Louvroil;Non
313445;Marcelcave;Non
394130;Maintenon;Non
191627;Malling;Non
581215;Margaux;Non
775353;Nozières-Brignon;Non
765107;Orange;Non
276089;Montigny-Beauchamp;Oui
641472;Mont-Dore;Non
641001;Montluçon-Ville;Non
487637;Montreuil-Bellay;Non
444190;Moult-Argences;Non
276618;Montataire;Non
313346;Montdidier;Non
394296;Nogent-le-Rotrou;Non
756494;Menton-Garavan;Non
413377;Foucart-Alvimare;Non
191742;Gandrange-Amnéville;Non
271122;Épinay-Villetaneuse;Non
481432;Gorges;Non
726786;Pont-de-Lignon;Non
481747;Pornichet;Non
721290;Quincieux;Non
393314;Rambouillet;Oui
276386;Sarcelles-St-Brice;Oui
613877;Salles-Courbatiès;Non
576140;Selles-St-Denis;Non
571844;Savonnières;Non
193714;Sarralbe;Non
476754;Sévérac;Non
746149;Rumilly;Non
712026;Rully;Non
184267;Petit-Croix;Non
473272;Plancoët;Non
594572;St-Denis-près-Martel;Non
756783;Peillon-Ste-Thècle;Non
271031;Paris-Nord-Surface;Oui
481184;Oudon;Non
645176;Pers;Non
696294;St-Pierre-le-Moûtier;Non
746313;St-Pierre-en-Faucigny;Non
478024;St-Médard-sur-Ille;Non
726430;St-Romain-le-Puy;Non
575365;St-Saviol;Non
471052;St-Jacques-de-la-Lande;Non
726208;St-Galmier-Veauche;Non
276170;St-Gratien;Non
673723;St-Jean-Pied-de-Port;Non
182881;Thann-St-Jacques;Non
592493;St-Sébastien;Non
286625;Templeuve;Non
444562;Surdon;Non
576090;Vierzon-Forges;Non
276568;Viarmes;Non
574434;Veretz-Montlouis;Non
343004;Valenciennes;Oui
576215;Valençay;Non
592451;Vaulry;Non
444398;Villers-sur-Mer;Non
473116;Yffiniac;Non
543371;La Chapelle-St-Mesmin;Non
271171;La Barre-Ormesson;Oui
746842;La Joux (Haute-Savoie);Non
641290;La Miouze-Rochefort;Non
753574;La Redonne-Ensuès;Non
193631;Sarreinsming;Non
276188;Sannois;Non
575035;Monts (Indre-et-Loire);Non
144105;Raves-Ban-de-Laveline;Non
144626;Raon-l'Étape;Non
757732;Ranguin;Non
586495;Sauveterre-la-Lémance;Non
342253;Savy-Berlette;Non
584201;St-Antoine-de-Breuilh;Non
723734;St-André-de-Corcy;Non
141374;St-Clément-Laronxe;Non
775239;Ste-Cécile-d'Andorge;Non
756866;St-Dalmas-de-Tende;Non
597054;Ste-Lizaigne;Non
382358;St-Cloud;Oui
747287;Voiron;Non
545301;Ivry-sur-Seine;Oui
476432;Kerhostin;Non
316398;Heilles-Mouchy;Non
141473;Houdemont;Non
694109;Le Creusot-Montceau-Montchanin;Oui
696211;Pougues-les-Eaux;Non
745380;Pougny-Chancy;Non
487314;Pouzauges;Non
576199;Pruniers;Non
116038;Roissy-en-Brie;Non
182337;Rouffach;Non
747402;Grenoble-Université-Gières;Non
756791;Peille;Non
276766;Ribécourt;Non
212431;Seltz;Non
773200;Sète;Oui
611129;Labarthe-Inard;Non
718601;Le Valdahon-Camp-militaire;Non
755447;Les Arcs-Draguignan;Oui
144048;Lépanges;Non
582601;Le Teich;Non
580340;Marseille-Euroméditerranée;Non
756486;Menton;Non
559070;Nevers-Le Banlay;Non
393876;Noisy-le-Roi;Non
214288;Obernai;Non
575704;Mignaloux-Nouaillé;Non
172155;Mohon;Non
481713;Montoir-de-Bretagne;Non
694620;Montceau-les-Mines;Non
684100;Montigny-sur-Loing;Non
611848;Montrabé;Non
683672;Lucy-sur-Cure-Bessy;Non
313817;Longroy-Gamaches;Non
411249;Maromme;Non
755231;Ollioules-Sanary-sur-Mer;Non
394411;Bailleau-le-Pin;Non
681437;Ballancourt;Non
571604;Ballan;Non
271411;Aulnay-sous-Bois;Non
437806;Aytré-Plage;Non
313296;Avrechy;Non
784892;Béna-Fanès;Non
276642;Bessancourt;Non
721266;Albigny-Neuville;Non
481192;Ancenis;Non
276717;Bornel-Belle-Église;Non
342097;Biache-St-Vaast;Non
576306;Bigny;Non
191387;Anzeling;Non
582726;Arbanats;Non
296244;Busigny;Non
592162;Bugeat;Non
673657;Cambo-les-Bains;Non
345413;Cantin;Non
345561;Caudry;Non
597112;Chabenet;Non
411173;Elbeuf-St-Aubin;Non
313551;Cires-lès-Mello;Non
471458;Chevaigné;Non
391565;Clamart;Non
484303;Cholet;Non
611467;Colomiers;Non
696807;Clamecy;Non
116509;Changis-St-Jean;Oui
471524;Châteaubourg;Non
756338;Cros-de-Cagnes;Non
673202;Dax;Oui
317065;Étaples-Le Touquet;Non
784843;Err;Non
295774;Dompierre (Nord);Non
681387;Évry-Courcouronnes;Oui
641241;Eygurande-Merlines;Non
444182;Frénouville-Cagny;Non
753442;Fos-sur-Mer;Non
718304;Franois;Non
212258;Geispolsheim;Non
276196;Garges;Non
286807;Genech;Non
337378;Dives-sur-Mer-Port-Guillaume;Non
271593;Crépy-en-Valois;Non
382200;Courbevoie;Non
594119;Corrèze;Non
592881;Exideuil-sur-Vienne;Non
721415;Chazay-Marcilly;Non
672139;Coarraze-Nay;Non
478057;Combourg;Non
481440;Clisson;Non
594168;Égletons;Non
281006;Dunkerque;Oui
141200;Einvaux;Non
576876;Gièvres;Non
576298;Châteauneuf-sur-Cher;Non
726737;Fraisses-Unieux;Non
715136;Frasne;Non
276246;Goussainville;Non
761650;Romans-Bourg-de-Péage;Non
761817;Saillans;Non
543116;St-Cyr-en-Val;Non
784850;Ste-Léocadie;Non
584540;St-Aigulin-La Roche-Chalais;Non
743633;St-Claude;Non
595264;St-Léon-sur-l'Isle;Non
683227;St-Julien-du-Sault;Non
582692;St-Médard-d'Eyrans;Non
473264;Landébia;Non
144303;Lamarche;Non
592733;Lafarge;Non
193672;Herbitzheim;Non
213413;Hoelschloch;Non
191692;Homécourt;Non
444406;Houlgate;Non
471334;Janzé;Non
474296;Guimiliau;Non
313114;Hangest;Non
757666;Juan-les-Pins;Non
597740;Lavaufranche;Non
784512;Le Soler;Non
741777;Landry;Non
393629;Plaisir-Les Clayes;Non
683136;Pont-sur-Yonne;Non
718189;Poligny;Non
575076;Port-de-Piles;Non
171629;Prunay;Non
615328;Rabastens-Couffouleux;Non
182402;Ranspach;Non
474098;Quimper;Oui
471300;Redon;Non
775817;Vauvert;Non
584714;Vayres;Non
485151;Tonnay-Charente;Non
141432;Thiaville;Non
595579;Thenon;Non
784884;Ur-les-Escaldes;Non
214635;Urmatt;Non
576348;Urçay;Non
317511;Woincourt;Non
673616;Villefranque (Pyrénées-Atlanti;Non
784686;Villefranche-Vernet-les-Bains;Non
595892;Villefranche-du-Périgord;Non
756304;Villeneuve-Loubet-Plage;Non
545277;Villeneuve-le-Roi;Non
181289;Vieux-Thann ZI;Non
394148;St-Piat;Non
393413;Villepreux-les-Clayes;Non
342576;Vimy;Non
413336;Virville-Manneville;Non
191098;Walibi-Lorraine;Non
286229;Wambrechies;Non
755421;Vidauban;Non
481408;Vertou;Non
471029;Vern;Non
781260;Vias;Non
313213;Boves;Non
317586;Boulogne-Ville;Non
182709;Bollwiller;Non
141218;Bayon;Non
584268;Bergerac;Non
471219;Beslé;Non
611665;Castelnau-d'Estrétefonds;Non
756478;Carnolès;Non
491217;Cavignac;Non
144154;Bruyères (Vosges);Non
681510;Buno-Gironville;Non
281071;Calais-Fréthun;Oui
694596;Brion-Laizy;Non
696088;Briare;Non
491191;Bussac;Non
731885;Alleyras;Non
182238;Altkirch;Non
287219;Anstaing;Non
144410;Arches;Non
486126;L'Herbergement-Les Brouzils;Non
353581;Les Ramassiers;Non
546226;Les Saules;Non
611111;Lestelle;Non
313486;Nesle (Somme);Non
645507;Neussargues;Non
595538;Milhac-d'Auberoche;Non
491183;Montendre;Non
723726;Mionnay;Non
182667;Lutterbach (Haut-Rhin);Non
571273;Montlouis;Non
761874;Luc-en-Diois;Non
781575;Lunas;Non
141390;Ménil-Flin;Non
594820;Masseret;Non
574244;Menars;Non
611053;Longages-Noé;Non
584052;Libourne;Oui
401323;Mouans-Sartoux;Non
784728;Olette-Canaveilles-les-Bains;Non
684274;Nogent-sur-Vernisson;Non
192468;Pagny-sur-Moselle;Non
543009;Orléans;Oui
586693;Aiguillon;Non
751230;Château-Arnoux-St-Auban;Non
317495;Chepy-Valines;Non
784819;Font-Romeu-Odeillo-Via;Non
113894;Freinville-Sevran;Non
696229;Fourchambault;Non
342204;Fouquereuil;Non
594382;Condat-le-Lardin;Non
184556;Colombier-Fontaine;Non
746370;Cluses;Non
718312;Dannemarie-Velesmes;Non
142497;Damblain;Non
214536;Duppigheim;Non
684233;Dordives;Non
144436;Éloyes;Non
478164;Dinan;Non
684290;Gien;Non
615211;Espéraza;Non
718536;Étalans;Non
755397;Gonfaron;Non
381244;Gisors;Non
411256;Malaunay-Le Houlme;Non
382812;Mareil-Marly;Non
746867;Montroc-le-Planet;Non
317164;Montreuil-sur-Mer;Non
141143;Mont-sur-Meurthe;Non
741728;Moûtiers-Salins-Brides-les-Bai;Oui
192286;Morhange;Non
144295;Martigny-les-Bains;Non
381723;Maule;Non
534347;Lutterbach (Tram/Train);Non
185595;Luxeuil-les-Bains;Non
725705;Mâcon-Loché-TGV;Oui
721159;Lyon-St-Paul;Non
394015;Lucé;Non
313064;Méricourt-Ribemont;Non
723585;Meximieux-Pérouges;Non
694158;Mesvres;Non
393108;Meudon;Oui
611244;Montauban-Ville-Bourbon;Non
287128;Mont-de-Terre;Non
611889;Moissac;Non
118190;Nogent-sur-Seine;Non
276527;L'Isle-Adam-Parmain;Non
141069;Liverdun;Non
276253;Louvres;Non
718411;Novillars;Non
286609;Nomain;Non
175828;Pagny-sur-Meuse;Non
144345;Provenchères-sur-Fave;Non
481218;Port-St-Père-St-Mars;Non
546192;Pont-de-Rungis-Aéroport-d'Orly;Non
753459;Port-de-Bouc;Non
734103;Pontmort;Non
784835;Saillagouse;Non
417444;Reims-Franchet-d'Espèrey;Non
213462;Riedseltz;Non
172270;Rethel;Non
286534;Ronchin;Non
393504;Petit-Jouy-Les Loges;Non
276469;Persan-Beaumont;Oui
343103;St-Amand-les-Eaux;Non
345314;Somain;Non
141788;Pompey;Non
723791;Servas-Lent;Non
182105;Sierentz;Non
481176;Boussay-La Bruffière;Non
545491;Breuillet-Village;Non
345108;Brebières;Non
182576;Bitschwiller (Haut-Rhin);Non
745596;Bons-en-Chablais;Non
382440;Bougival;Non
113407;Bondy;Oui
485342;Beauvoir-sur-Niort;Non
745000;Bellegarde (Ain);Oui
342006;Béthune;Non
773457;Baillargues;Non
171462;Bazancourt;Non
615039;Castelnaudary;Non
194357;Audun-le-Roman;Non
718841;Arc-et-Senans;Non
743146;Ambronay-Priay;Non
726406;Andrézieux;Non
746115;Albens;Non
757625;Cannes;Oui
592741;Bussière-Galant;Non
763607;Briançon;Non
212134;Brumath;Non
723452;Cessieu;Non
342436;La Bassée-Violaines;Non
590364;La Chapelle Aulnay;Non
009696;La Douzillère;Non
757740;La Frayère;Non
486449;Les Sables-d'Olonne;Non
594564;Les Quatre-Routes;Non
276592;Gros-Noyer-St-Prix;Non
171736;Guignicourt (Aisne);Non
673640;Halsou-Larressore;Non
213058;Haguenau;Non
413203;Le Havre-Graville (IE);Non
381095;Le Stade;Non
584151;Lamothe-Montravel;Non
571828;Langeais;Non
582775;Langon;Non
612028;Labège-Village;Non
757757;Le Bosquet;Non
478404;Laval;Non
212340;Herrlisheim (Bas-Rhin);Non
193276;Hombourg-Haut;Non
316125;Thézy-Glimont;Non
118000;Troyes;Oui
611590;Tarascon-sur-Ariège;Non
615344;St-Sulpice (Tarn);Non
584722;St-Sulpice-Izon;Non
415166;St-Victor;Non
396283;St-Mars-la-Brière;Non
723783;St-Paul-de-Varax;Non
677120;St-Jean-de-Luz-Ciboure;Non
393520;St-Germain-St-Rémy;Non
592709;St-Junien;Non
747204;Virieu-sur-Bourbre;Non
297051;Viry-Noureuil;Non
192732;Valleroy-Moineville;Non
611327;Varilhes;Non
594556;Turenne;Non
641357;Vallon;Non
484006;Angers-St-Laud;Oui
276485;Bouffemont-Moisselles;Non
545467;Arpajon (Essonne);Oui
562421;Aulnat-Aéroport;Non
286146;Armentières;Non
281428;Audruicq;Non
286872;Baisieux;Non
721357;Belleville-sur-Saône;Non
345140;Billy-Montigny;Non
214296;Bischoffsheim;Non
182659;Breitenbach-Haut-Rhin;Non
287235;Bouvines;Non
444000;Caen;Oui
725721;Pontanevaux-la-Chapelle;Non
582734;Podensac;Non
478123;Plerguer;Non
394247;Pontgouin;Non
783241;St-Chély-d'Apcher;Non
271015;St-Denis;Oui
213108;Schweighouse-sur-Moder;Non
484329;Savennières-Béhuard;Non
726331;Rive-de-Gier;Non
686030;Paris-Gare-de-Lyon (Banlieue);Oui
694687;Paray-le-Monial;Non
722207;Oullins;Non
712604;Ouges;Non
352047;Paul-Émile-Victor;Non
391003;Paris-Montparnasse;Oui
342550;Pernes-Camblain;Non
747279;Réaumont-St-Cassien;Non
215079;Réding;Non
271429;Sevran-Livry;Oui
212365;Sessenheim;Non
763722;Serres;Non
575134;Ingrandes-sur-Vienne;Non
393306;Issy-Val-de-Seine;Oui
193664;Kalhausen;Non
597062;Issoudun;Non
212324;Kilstett;Non
781088;Leucate-la-Franqui;Non
746776;Les Pélerins;Non
444323;Le Grand-Jardin;Non
213686;Hoerdt;Non
313338;Hargicourt-Pierrepont;Non
116012;Gretz-Armainvilliers;Non
281311;Grande-Synthe;Non
473207;Guingamp;Oui
193813;Lemberg (Moselle);Non
613323;Lalbenque-Fontanes;Non
731828;Lachaud-Curmilhac;Non
612002;Labège-Innopole;Non
381202;La Villetertre;Non
113886;L'Abbaye;Non
673293;Labenne;Non
734228;Le Breuil-sur-Couze;Non
142091;Langres;Non
485474;La Crèche;Non
575845;Lussac-les-Châteaux;Non
141150;Lunéville;Non
276576;Luzarches;Non
381590;Mantes-Station;Non
611871;Malause;Non
746347;Marignier;Non
586545;Marmande;Non
342188;Maroeuil;Non
645168;Maurs;Non
725838;Mézériat;Non
342030;Miraumont;Non
784736;Nyers;Non
534339;Mulhouse-Musées (Tram/Train);Non
595298;Mussidan;Non
476275;L'Isthme;Non
615161;Limoux;Non
444570;Nonant-le-Pin;Non
471540;Noyal-Acigné;Non
317396;Noyelles;Non
393082;Meudon-Val-Fleury;Non
276675;Mériel;Non
212456;Mothern;Non
712620;Longecourt;Non
313049;Longueau;Non
546200;Orly-Ville;Non
741421;Aiguebelette-le-Lac;Non
116640;Crouy-sur-Ourcq;Non
584425;Couze;Non
765826;Entraigues-sur-la-Sorgue;Non
534131;Ermont-Eaubonne (PSL);Non
741280;Épierre-St-Léger;Non
574491;Chenonceaux-Chisseaux;Non
116582;Château-Thierry;Non
746784;Chamonix-Mont-Blanc;Non
615468;Castres (Tarn);Non
611897;Castelsarrasin;Non
276691;Compiègne;Oui
315044;Daours;Non
316075;Dreuil-lès-Amiens;Non
345165;Dourges;Non
745679;Évian-les-Bains;Non
582478;Facture-Biganos;Non
193524;Farschviller;Non
413542;Fécamp;Non
141051;Fontenoy-sur-Moselle;Non
713586;Fontaines-Mercurey;Non
324095;Futuroscope;Non
141077;Frouard;Non
713313;Genlis;Non
734046;Gerzat;Non
783423;St-Georges-de-Luzençon;Non
481226;Ste-Pazanne;Non
212209;Steinbourg;Non
481234;St-Hilaire-de-Chaléons;Non
584607;St-Médard-de-Guizières;Non
761684;St-Hilaire-St-Nazaire;Non
386656;Vernouillet-Verneuil;Non
592675;Verneuil-sur-Vienne;Non
184531;Voujeaucourt;Non
575043;Villeperdue;Non
213678;Weyersheim;Non
574236;Suèvres;Non
473819;Trégonneau-Squiffiec;Non
721472;Tarare;Non
734475;Thiers;Non
184242;Trois-Chênes;Non
192476;Vandières;Non
472639;ZU-Rhein;Non
721332;Villefranche-sur-Saône;Non
386649;Villennes-sur-Seine;Non
193821;Bitche;Non
726471;Boën;Non
313510;Beauvais;Non
381046;Avenue-Henri-Martin;Oui
611384;Auterive;Non
141416;Baccarat;Non
682138;Boussy-St-Antoine;Non
448084;Briouze;Non
734269;Brioude;Non
543058;Artenay (Loiret);Non
545657;Auneau;Non
342014;Arras;Oui
345389;Bouchain;Non
615054;Bram;Non
174003;Châlons-en-Champagne;Non
696302;Chantenay-St-Imbert;Non
338525;Krimmeri-Meinau;Non
595595;La Bachellerie;Non
381558;Juziers;Non
481424;Le Pallet;Non
746883;Le Buet;Non
487876;Les Rosiers-sur-Loire;Non
287102;Lezennes;Non
491274;La Grave-d'Ambarès-Gare-Inféri;Non
753541;La Couronne-Carro;Non
313239;La Faloise;Non
297515;Les Bons-Pères;Non
746818;Les Moussoux;Non
492108;Les Ardoines;Non
386409;Houilles-Carrières-sur-Seine;Oui
673665;Itxassou;Non
393462;Houdan;Non
721860;Lamure-sur-Azergues;Non
295642;Landrecies;Non
611939;Lardenne;Non
191353;Hombourg-Budange;Non
615195;Albi-Madeleine;Non
185629;Aillevillers;Non
393884;Villiers-Neauphle-Pontchartrai;Non
471508;Vitré;Non
746479;St-Gervais-les-Bains-Le Fayet;Non
486563;St-Hilaire-de-Riez;Non
723353;St-Priest;Non
761494;St-Péray;Non
673277;St-Vincent-de-Tyrosse;Non
671008;Tarbes;Oui
382861;Versailles-Rive-Droite;Oui
683664;Vermenton;Non
481143;Thouaré;Non
725622;Tournus;Non
182618;Wesserling;Non
213405;Walbourg;Non
193656;Wittring;Non
144196;Corcieux-Vanémont;Non
402297;Colmar-Mésanges;Non
141382;Chenevières;Non
175117;Chevillon;Non
342220;Chocques;Non
411819;Clères;Non
574665;Château-Renault;Non
481648;Châteaubriant;Non
710731;École-Valentin;Non
313726;Marseille-en-Beauvaisis;Non
615419;Marssac-sur-Tarn;Non
342121;Mazingarbe;Non
415141;Longueville-sur-Scie;Non
343475;Lourches;Non
491290;Loulay;Non
381715;Mareil-sur-Mauldre;Non
575068;Maillé;Non
713156;Nuits-sous-Ravières;Non
215632;Oermingen;Non
764001;Montélimar;Oui
313700;Milly-sur-Thérain;Non
287151;Nieppe;Non
142406;Merrey (Haute-Marne);Non
673707;Ossès-St-Martin-d'Arrossa;Non
171371;Fère-en-Tardenois;Non
574533;Fréteval-Morée;Non
590356;Erdre Active;Non
784827;Estavar;Non
592691;St-Brice-sur-Vienne;Non
756825;Sospel;Non
747493;Pontcharra-sur-Breda-Allevard;Non
345264;Pont-à-Vendin;Non
473538;Plougonver;Non
575001;Poitiers;Oui
286245;Quesnoy-sur-Deûle;Non
718403;Roche-lez-Beaupré;Non
481838;Savenay;Non
592717;Saillat-Chassenon;Non
276097;Pierrelaye;Non
755215;St-Cyr-les-Lècques-La Cadière;Non
726158;St-Étienne-La Terrasse;Non
682542;St-Fargeau;Non
491035;St-Savinien-sur-Charente;Non
751701;St-Marcel;Non
486571;St-Gilles-Croix-de-Vie;Non
366922;St-Germain-Bel-air;Non
576405;St-Germain-du-Puy;Non
756346;St-Laurent-du-Var;Non
491357;St-Jean-d'Angély;Non
478107;St-Malo;Oui
746735;Viaduc-Ste-Marie;Non
182550;Vieux-Thann;Non
734426;Vertaizon;Non
696351;Varennes-sur-Allier;Non
447698;Villedieu-les-Poêles;Non
745646;Thonon-les-Bains;Non
672600;La Croix-du-Prince;Non
681452;La Ferté-Alais;Non
486423;La Mothe-Achard;Non
726703;La Ricamarie;Non
592808;La Meyze;Non
721605;Sain-Bel;Non
718502;Saône;Non
726885;Montrond-les-Bains;Non
478032;Montreuil-sur-Ille;Non
581231;Moulis-Listrac;Non
481002;Nantes;Oui
171272;Reims-Maison-Blanche;Non
212159;Schwindratzheim;Non
386417;Sartrouville;Oui
574129;St-Ay;Non
584193;Ste-Foy-la-Grande;Non
446179;St-Cyprien-Arènes;Non
575290;Vivonne;Non
343301;Wallers;Non
741611;Grésy-sur-Isère;Non
683243;Joigny;Non
212464;Lauterbourg;Non
595751;Le Buisson;Non
775825;Le Cailar;Non
592543;Le Dorat;Non
473223;Lannion;Non
586412;Laroque;Non
473801;Gourland;Non
597609;Guéret;Non
172106;Haybes;Non
345041;Liévin;Non
582767;Preignac;Non
473520;Pont-Melvez;Non
415885;Rosny-sur-Seine;Non
116269;Guérard-La Celle-sur-Morin;Non
113779;Les Boullereaux-Champigny;Non
641373;Les Trillers;Non
764308;Pierrelatte;Non
595009;Périgueux;Non
592170;Pérols;Non
581751;Pessac;Non
734053;Riom-Châtel-Guyon;Non
175018;Revigny;Non
171637;Sillery;Non
485003;La Rochelle-Ville;Oui
212316;La Wantzenau;Non
582643;La Teste;Non
471367;Martigné-Ferchaud;Non
576116;Mehun-sur-Yèvre;Non
481465;Montaigu-Vendée;Non
751370;Meyrargues;Non
212142;Mommenheim;Non
741181;Montmélian;Non
673673;Louhossoa;Non
393470;Marchezais-Broué;Non
118299;Bar-sur-Aube;Non
295733;Avesnes;Non
595876;Belvès;Non
592667;Aixe-sur-Vienne;Non
581793;Alouette-France;Non
583005;Angoulême;Oui
345280;Bauvin-Provin;Non
171348;Bazoches;Non
184002;Belfort;Oui
743005;Bourg-en-Bresse;Oui
487249;Bressuire;Non
581728;Blanquefort;Non
594465;Aubazine-St-Hilaire;Non
172122;Aubrives;Non
672212;Artix;Non
756460;Cap-Martin-Roquebrune;Non
447144;Carantilly-Marigny;Non
753566;Carry-le-Rouet;Non
473504;Carhaix;Non
484204;Chalonnes;Non
721746;Civrieux-d'Azergues;Non
611921;Colomiers-Lycée-International;Non
313304;Clermont-de-l'Oise;Non
393272;Coignières;Non
473140;Châtelaudren-Plouagat;Non
543066;Château-Gaillard;Non
734343;Chapeauroux;Non
192211;Courcelles-sur-Nied;Non
713537;Corgoloin;Non
271536;Dammartin-Juilly-St-Mard;Non
276006;Creil;Non
697292;Épinay-sur-Seine TT;Non
681601;Essonnes-Robinson;Non
214221;Epfig;Non
713412;Dole-Ville;Non
696633;Flez-Cuzy-Tannay;Non
271205;Gennevilliers;Non
491225;Gauriaguet;Non
751420;Gardanne;Non
171587;Germaine;Non
144030;Docelles-Cheniménil;Non
141812;Dieulouard;Non
696831;Coulanges-sur-Yonne;Non
615120;Couffoulens-Leuc;Non
116277;Faremoutiers-Pommeuse;Non
756387;Èze;Non
546317;Chemin-d'Antony;Non
611376;Cintegabelle;Non
142000;Chaumont;Non
682146;Combs-la-Ville-Quincy;Oui
214148;Erstein;Non
175794;Étain;Non
141119;Dombasle-sur-Meurthe;Non
444547;Écouché;Non
592105;Châteauneuf-Bujaleuf;Non
683615;Champs-St-Bris;Non
481051;Chantenay;Non
681379;Grigny-Centre;Oui
141127;Rosières-aux-Salines;Non
113704;Rosny-sous-Bois;Oui
313460;Rosières;Non
543165;Salbris;Non
491803;Royan;Non
595777;St-Cyprien-en-Dordogne;Non
444604;Ste-Gauburge;Non
213421;Soultz-sous-Forêts;Non
581371;Soulac-sur-Mer;Non
713677;Seurre;Non
491241;St-André-de-Cubzac;Non
447003;St-Lô;Non
471359;Retiers;Non
214759;Saulxures (Bas-Rhin);Non
215459;Sarre-Union;Non
214056;Sélestat;Non
753715;Sénas;Non
172254;Sedan;Non
784777;Sauto;Non
592071;St-Léonard-de-Noblat;Non
478016;St-Germain-sur-Ille;Non
715417;St-Laurent (Jura);Non
547315;St-Michel-Notre-Dame;Oui
381657;Achères-Ville;Non
313759;Abancourt;Non
545459;La Norville-St-Germain-lès-Arp;Non
437798;La Rochelle-Porte-Dauphine;Non
478099;La Gouesnière-Cancale;Non
396093;La Hutte-Coulombiers;Non
396325;La Ferté-Bernard;Non
611434;Lacourtensourt;Non
582551;Labouheyre;Non
317222;Hesdin;Non
641217;Huriel;Non
577403;Iteuil;Non
393074;Issy;Non
213223;Gundershoffen;Non
286302;Hazebrouck;Non
182089;Habsheim;Non
214114;Kogenheim;Non
734699;Le Puy-en-Velay;Non
473553;Le Pénity;Non
757575;Le Trayas;Non
272146;Les Grésillons;Non
473835;Pontrieux-Halte;Non
481846;Pontchâteau;Non
618058;Pommevic;Non
271007;Paris-Nord;Oui
317057;Rang-du-Fliers-Verton;Non
721050;Régny;Non
484386;Varades-St-Florent-le-Vieil;Non
297283;Vauxaillon;Non
691469;Vauzelles;Non
718114;Torpes-Boussières;Non
182584;Willer-sur-Thur;Non
141549;Xeuilley;Non
286419;Wavrin;Non
576884;Villefranche-sur-Cher;Non
381426;St-Ouen-l'Aumône-Église;Non
757526;St-Raphaël-Valescure;Oui
478768;St-Pierre-la-Cour;Non
761130;St-Vallier-sur-Rhône;Non
313080;St-Roch (Somme);Non
485227;Surgères;Non
721514;Tassin;Non
276220;Villiers-le-Bel-Gonesse;Oui
613661;Viviez-Decazeville;Non
478560;Voutré;Non
393157;Versailles-Rive-Gauche;Oui
763300;Veynes-Dévoluy;Non
175778;Verdun;Non
713081;Verrey;Non
185009;Vesoul;Non
726216;Bouthéon;Non
174433;Bouy;Non
387183;Beaumont-le-Roger;Non
718460;Baume-les-Dames;Non
313569;Balagny-St-Épin;Non
574442;Azay-sur-Cher;Non
981902;Avignon-TGV;Oui
645002;Aurillac;Non
545251;Athis-Mons;Non
751750;Aubagne;Non
345421;Arleux;Non
214122;Benfeld;Non
574111;Chaingy-Fourneaux-Plage;Non
747212;Châbons;Non
781542;Ceilhes-Roqueredonde;Non
182410;Cernay (Haut-Rhin);Non
296459;Appilly;Non
276030;Champ-de-Courses-d'Enghien;Non
185348;Champagney;Non
471060;L'Hermitage-Mordelles;Non
595702;Les Versannes;Non
753582;Niolon;Non
296095;Marle-sur-Serre;Non
783282;Marvejols;Non
271882;Margival;Non
718106;Montferrand-Thoraise;Non
718866;Montbarrey;Non
592279;Magnac-Vicq;Non
581199;Macau;Non
396291;Montfort-le-Gesnois;Non
116087;Mormant;Non
747667;Lus-la-Croix-Haute;Non
478511;Louverné;Non
576728;Mennetou-sur-Cher;Non
214130;Matzenheim;Non
713560;Meursault;Non
286005;Lille-Flandres;Oui
381582;Limay;Non
116558;Nanteuil-Saâcy;Non
781104;Narbonne;Oui
574319;Onzain;Non
116020;Ozoir-la-Ferrière;Oui
313098;Ailly-sur-Somme;Non
545269;Ablon;Non
381228;Chaumont-en-Vexin;Non
485110;Châtelaillon;Non
281402;Coudekerque-Branche;Non
571448;Courçay-Tauxigny;Non
713321;Collonges (Côte-d'Or);Non
491449;Cognac;Non
394494;Courtalain-St-Pellerin;Non
584516;Coutras;Non
317081;Dannes-Camiers;Non
741074;Culoz;Non
696427;Dompierre-Sept-Fons;Non
214338;Dorlisheim;Non
761841;Die;Non
775130;Gallargues;Non
116046;Émerainville-Pontault-Combault;Oui
272096;Esches;Non
756858;Fontan-Saorge;Non
681353;Grand-Bourg (Essonne);Non
722405;Givors-Ville;Non
394429;Magny-Blandainville;Non
718510;Mamirolle;Non
194209;Montmédy;Non
682278;Moret-Veneux-les-Sablons;Non
116285;Mouroux;Non
171298;Muizon;Non
723767;Marlieux-Châtillon;Non
747691;Moirans-la-Galifette;Non
742007;Modane;Non
672113;Montaut-Bétharram;Non
184523;Montbéliard;Non
718361;Orchamps (Jura);Non
313379;Namps-Quevauvillers;Non
175067;Nançois-Tronville;Non
141002;Nancy-Ville;Oui
313122;Longpré-les-Corps-Saints;Non
411447;Longuerue-Vieux-Manoir;Non
592006;Limoges-Bénédictins;Oui
543157;Nouan-le-Fuzelier;Non
481598;Nort-sur-Erdre;Non
672253;Orthez;Non
141622;Praye-sous-Vaudémont;Non
141564;Pulligny-Autrey;Non
485268;Prin-Deyrançon;Non
343418;Prouvy-Thiant;Non
144428;Pouxeux;Non
382382;Puteaux;Oui
393322;Pont-du-Garigliano H. Pompidou;Non
345207;Pont-de-la-Deule;Non
611400;Portet-St-Simon;Non
381186;Santeuil-Le Perchay;Non
713594;Santenay-les-Bains;Non
345215;Sallaumines;Non
784157;Salses;Non
613042;Rocamadour-Padirac;Non
476317;Quimperlé;Non
212373;Rountzenheim;Non
485144;Rochefort;Non
547026;Paris-Austerlitz (Banlieue);Oui
595504;Périgueux-St-Georges;Non
686006;Paris-Gare-de-Lyon;Oui
113852;Pavillons-sous-Bois;Non
415125;St-Aubin-sur-Scie;Non
473009;St-Brieuc;Non
172171;Poix-Terron;Non
491811;Saujon;Non
571851;St-Genouph;Non
144188;Biffontaine;Non
276550;Belloy-St-Martin;Non
691949;Bidos;Non
783324;Banassac-La Canourgue;Non
582700;Beautiran;Non
775023;Beaucaire;Non
396572;Aubigné-Racan;Non
281121;Arnèke;Non
444059;Audrieu;Non
611749;Auch;Non
473561;Carnoët-Locarn;Non
672634;Buzy-en-Béarn;Non
582742;Cérons;Non
413716;Jacques-Monod-La Demi-Lieue;Non
393512;Jouy-en-Josas;Non
481267;La Bernerie;Non
116673;La Ferté-Milon;Non
276733;Le Meux-la-Croix-St-Ouen;Non
317529;Le Tréport-Mers;Non
645473;Le Lioran;Non
581389;Le Verdon;Non
746305;La Roche-sur-Foron;Non
286187;La Madeleine (Nord);Non
592295;La Porcherie;Non
575183;La Tricherie;Non
393561;Igny;Non
696161;Tracy-Sancerre;Non
784751;Thuès;Non
396051;Teillé (Sarthe);Non
592824;St-Yrieix;Non
382481;St-Nom-la-Bretêche-Forêt-de-Ma;Non
592055;St-Priest-Taurion;Non
747568;St-Georges-de-Commiers;Non
491324;St-Hilaire-Brizambourg;Non
382887;Viroflay-Rive-Droite;Non
316422;Villers-sur-Thère;Non
741108;Vions-Chanaz;Non
393009;Versailles-Chantiers;Oui
116079;Verneuil-l'Étang;Non
645440;Vic-sur-Cère;Non
171611;Val-de-Vesle (Marne);Non
381491;Andrésy;Non
581009;Bordeaux-St-Jean;Oui
214775;Bourg-Bruche;Non
684407;Boigneville;Non
683607;Augy-Vaux;Non
613075;Assier;Non
411264;Barentin-Embranchement;Non
576439;Avord;Non
673004;Bayonne;Oui
212308;Bischheim;Non
684118;Bourron-Marlotte-Grez;Non
741793;Bourg-St-Maurice;Oui
576207;Bourges;Oui
381624;Bréval;Non
694166;Broye;Non
756395;Cap-d'Ail;Non
755371;Carnoules;Non
615229;Campagne;Non
473546;Callac;Non
471037;Bruz;Non
743120;Pont-d'Ain;Non
594663;Pompadour;Non
386573;Poissy;Oui
615146;Pomas;Non
741470;Pont-de-Beauvoisin;Non
317115;Pont-de-Briques;Non
641076;St-Bonnet-de-Rochefort;Non
715151;Ste-Colombe (Doubs);Non
286161;Steenwerck;Non
753558;Sausset-les-Pins;Non
276774;Ourscamps;Non
295667;Ors;Non
411462;Sommery;Non
597724;Parsac-Gouzon;Non
611830;Pibrac;Non
316679;Pihen;Non
313130;Pont-Remy;Non
595223;Razac;Non
571885;Joué-lès-Tours;Non
713859;Is-sur-Tille;Non
474213;Kerhuon;Non
694737;La Clayette-Baudemont;Non
276287;La Borne-Blanche;Non
696195;La Charité;Non
144329;Lesseux-Frapelle;Non
723718;Les Échets;Non
295790;Leval;Non
478743;Le Genest;Non
595744;Le Bugue;Non
345157;Hénin-Beaumont;Non
755629;Hyères;Non
313734;Grandvilliers;Non
295857;Le Quesnoy (Nord);Non
343210;Le Poirier;Non
765453;Le Thor;Non
394171;La Villette-St-Prest;Non
471144;Laillé;Non
645135;Laroquebrou;Non
753731;Lamanon;Non
581397;La Pointe-de-Grave;Non
726232;La Fouillouse;Non
478081;La Fresnais;Non
474221;La Forest;Non
775247;La Levade;Non
182543;Luttenbach-près-Munster;Non
641050;Louroux-de-Bouble;Non
485060;Marans;Non
611087;Martres-Tolosane;Non
747592;Monestier-de-Clermont;Non
753004;Miramas;Non
182634;Oderen;Non
673319;Ondres;Non
396374;Noyen;Non
381210;Liancourt-St-Pierre;Non
342238;Lillers;Non
741694;Notre-Dame-de-Briançon;Non
286815;Nomain-Ouvignies;Non
172023;Nouzonville;Non
192070;Metz-Nord;Non
682302;Montereau;Non
411801;Montville;Non
718833;Mouchard;Non
345231;Loison;Non
761262;Loriol;Non
721241;Couzon-au-Mont-d'Or;Non
342410;Cuinchy;Non
545228;Épinay-sur-Orge;Non
381418;Éragny-Neuville;Non
694141;Étang;Non
141085;Champigneulles;Non
682419;Chartrettes;Non
571463;Chambourg;Non
722710;Chaponost;Non
394007;Chartres;Non
725002;Chalon-sur-Saône;Oui
713578;Chagny;Non
181222;Colmar-St-Joseph;Non
694646;Ciry-le-Noble;Non
287243;Cobrieux;Non
272047;Compans;Non
396218;Conlie;Non
276394;Écouen-Ézanville;Non
214544;Duttlenheim;Non
545475;Égly;Non
597849;Felletin;Non
486316;Fougeré;Non
142240;Froncles-Buxières;Non
296293;Fresnoy-le-Grand;Non
276659;Frépillon;Non
615377;Gragnague;Non
382804;St-Germain-Grande-Ceinture;Non
747352;St-Égrève-St-Robert;Non
645119;Viescamp-sous-Jalles;Non
141606;Vézelise;Non
545293;Vitry-sur-Seine;Oui
415646;St-Pierre-du-Vauvray;Non
592683;St-Victurnien;Non
286203;Strazeele;Non
756817;Touët-de-l'Escarène;Non
713198;Tonnerre;Non
543074;Toury;Non
571000;Tours;Oui
743757;Tenay-Hauteville;Non
191007;Thionville;Oui
746750;Taconnaz;Non
594655;Vignols-St-Solve;Non
718015;Besançon-Mouillère;Non
381079;Bois-Colombes;Oui
343160;Beuvrages;Non
765198;Bédarrides;Non
175133;Bayard;Non
783647;Bagnols-Chadenet;Non
184200;Bas-Évette;Non
613604;Bagnac;Non
342584;Avion;Non
783340;Campagnac-St-Geniez;Non
342543;Calonne-Ricouart;Non
345520;Cambrai;Non
613000;Cahors;Non
381137;Asnières-sur-Seine;Oui
672162;Assat;Non
476200;Auray;Oui
726760;Aurec;Non
286864;Ascq;Non
415893;Bonnières;Non
613356;Caussade (Tarn-et-Garonne);Non
757567;Anthéor-Cap-Roux;Non
715102;Andelot (Jura);Non
296566;Anizy-Pinon;Non
486332;Chantonnay;Non
481754;La Baule-Escoublac;Oui
191619;Koenigsmacker;Non
113472;Le Raincy-Villemomble-Montferm;Oui
481762;Le Pouliguen;Non
594416;La Rivière-de-Mansac;Non
474262;La Roche;Non
478156;La Hisse;Non
746826;Les Praz-de-Chamonix;Non
751602;L'Estaque;Non
715383;La Chaux-des-Crotenay;Non
746768;Les Bossons;Non
734202;Issoire;Non
481622;Isse;Non
584243;Lamonzie-St-Martin;Non
444638;L'Aigle;Non
783761;Laissac;Non
473850;Lancerf;Non
590299;Halte Nice-Pont-Michel;Non
545129;Guillerval;Non
741769;Aime-La Plagne;Non
615013;Villefranche-de-Lauragais;Non
271783;Vierzy;Non
747576;Vif;Non
313718;St-Omer-en-Chaussée;Non
276600;St-Leu-la-Forêt;Non
741504;Virieu-le-Grand-Belley;Non
396358;Voivres;Non
313270;St-Just-en-Chaussée;Non
611137;St-Gaudens;Non
611657;St-Jory;Non
476440;St-Pierre-Quiberon;Non
571810;St-Patrice;Non
181057;Tagolsheim;Non
415604;Vernon (Eure);Non
296129;Vervins;Non
393835;Trappes-Voyageurs;Oui
594200;Uzerche;Non
713099;Thenissey;Non
213470;Wissembourg;Non
381863;Cormeilles-en-Parisis;Non
491266;Cubzac-les-Ponts;Non
594481;Cornil;Non
473579;Coat-Guégan;Non
574848;Chissay-en-Touraine;Non
741116;Chindrieux;Non
595165;Château-l'Évêque;Non
396606;Château-du-Loir;Non
696856;Châtel-Censoir;Non
212183;Dettwiller;Non
172239;Donchery;Non
171553;Épernay;Non
111849;Marne-la-Vallée-Chessy;Oui
287169;Marquette;Non
765479;L'Isle-Fontaine-de-Vaucluse;Non
287250;Lille-Porte-de-Douai;Non
575274;Ligugé;Non
597096;Luant;Non
773408;Lunel;Non
582445;Marcheprime;Non
681486;Maisse;Non
713529;Nuits-St-Georges;Non
381160;Montgeroult-Courcelles;Non
682104;Montgeron-Crosne;Non
773002;Montpellier-St-Roch;Oui
182063;Mulhouse-Ville;Oui
473512;Moustéru;Non
313320;Moreuil;Non
726448;Montbrison;Non
478131;Miniac;Non
212449;Munchhausen;Non
182394;Munster;Non
296434;Mennessis;Non
783001;Millau;Non
491159;Fontaines-d'Ozillac;Non
393405;Fontenay-le-Fleury;Non
613091;Figeac;Non
214254;Gertwiller;Non
765446;Gadagne;Non
582858;Gironde;Non
113860;Gargan;Non
413328;Étainhus-St-Romain;Non
313387;Estrées-St-Denis;Non
193516;Farébersviller;Non
214593;Gresswiller;Non
393124;Sèvres-Rive-Gauche;Non
592246;Solignac-Le Vigen;Non
725846;Polliat;Non
276501;Presles-Courcelles;Non
182717;Raedersheim;Non
725739;Romanèche-Thorins;Non
313601;Rochy-Condé;Non
281451;Renescure;Non
193615;Sarreguemines;Non
215483;Schopperten;Non
212415;Roppenheim;Non
286567;Rosult;Non
722231;Pierre-Bénite;Non
471177;Pléchâtel;Non
574541;Pezou;Non
321745;Penhoët;Non
611343;Pamiers;Non
192203;Peltre;Non
783175;St-Flour-Chaudes-Aigues;Non
751842;Ste-Marthe-en-Provence;Non
481812;St-Étienne-de-Montluc;Non
575050;Ste-Maure-Noyant;Non
723536;St-Maurice-de-Beynost;Non
726901;St-Étienne-Carnot;Non
276402;St-Leu-d'Esserent;Non
713834;St-Julien-Clénay;Non
393454;Tacoignières-Richebourg;Non
276261;Survilliers-Fosses;Non
590828;Suce-sur-Erdre;Non
574327;Veuves-Monteaux;Non
271437;Vert-Galant;Oui
773432;Valergues-Lansargues;Non
696310;Villeneuve-sur-Allier;Non
756361;Villefranche-sur-Mer;Non
775197;Villefort;Non
683631;Vincelles;Non
322347;Traou-Nez;Non
487009;Thouars;Non
191130;Uckange;Non
484147;Tiercé;Non
313353;Tricot;Non
594093;Ussel;Non
413385;Yvetot;Non
471094;La Brohinière;Non
384008;Paris-St-Lazare;Oui
547000;Paris-Austerlitz;Oui
686667;Paris-Bercy;Oui
734293;Paulhaguet;Non
113001;Paris-Est;Oui
386003;La Garenne-Colombes;Oui
546291;Rungis-la-Fraternelle;Non
342451;Salomé;Non
317099;Neufchâtel-Hardelot;Non
191718;Moyeuvre-Grande;Non
141291;Neufchâteau;Non
473058;Quédillac;Non
171009;Reims;Oui
611368;Saverdun;Non
286518;Seclin;Non
164780;Stade-de-France-St-Denis;Non
741306;St-Avre-la-Chambre;Non
586479;Ste-Bazeille;Non
174276;Vitry-le-François;Non
171314;Jonchery-sur-Vesle;Non
381574;Issou-Porcheville;Non
213785;Ingwiller;Non
271478;Le Blanc-Mesnil;Non
271395;Le Bourget;Non
694000;Le Creusot;Non
763557;L'Argentière-les-Écrins;Non
683268;Laroche-Migennes;Non
296012;Laon;Non
747006;Grenoble;Oui
613141;Gourdon;Non
574335;Limeray;Non
111278;Porte-de-Clichy;Non
571794;Port-Boulet;Non
474320;Pleyber-Christ;Non
473082;Plénée-Jugon;Non
471391;Pontchaillou;Non
387175;Romilly-la-Puthenaye;Non
583468;Roumazières-Loubert;Non
734038;Royat-Chamalières;Non
193797;Petit-Réderching;Non
476424;Penthièvre;Non
751362;Pertuis;Non
784173;Rivesaltes;Non
191635;Sierck-les-Bains;Non
411223;Sotteville;Non
272039;Seugy;Non
486019;La Roche-sur-Yon;Oui
641191;La Ville-Gozet;Non
543017;Les Aubrais-Orléans;Oui
276667;Méry (Val-d'Oise);Non
781294;Marseillan-Plage;Non
182725;Merxheim;Non
595272;Neuvic (Dordogne);Non
775098;Milhaud;Non
382879;Montreuil;Non
171728;Loivre;Non
576157;Loreux;Non
757591;Mandelieu-la-Napoule;Non
545186;Marolles-en-Hurepoix;Non
317339;Marquise-Rinxent;Non
141796;Marbache;Non
713636;Aiserey;Non
615757;Baraqueville-Carcenac-Peyralès;Non
684191;Bagneaux-sur-Loing;Non
141408;Azerailles;Non
726869;Balbigny;Non
171579;Avenay;Non
342402;Beuvry (Pas-de-Calais);Non
342279;Berguette-Isbergues;Non
393116;Bellevue;Non
281105;Bergues;Non
192419;Ancy-sur-Moselle;Non
594234;Allassac;Non
141804;Belleville;Non
611723;Baziège;Non
328328;Bibliothèque-François-Mitterra;Oui
721787;Bois-d'Oingt-Légny;Non
682203;Bois-le-Roi;Non
316604;Aubin-St-Vaast;Non
597823;Aubusson;Non
342105;Bully-Grenay;Non
584136;Castillon;Non
447243;Carentan;Non
171926;Champagne-Ardenne-TGV;Oui
115873;Champbenoist-Poigny;Non
576223;Chabris;Non
756775;Drap-Cantaron;Non
597153;Éguzon;Non
763466;Embrun;Non
345116;Corbehem;Non
491506;Châteauneuf-sur-Charente;Non
144055;Charmes (Vosges);Non
712679;Chaugey;Non
781161;Coursan;Non
713040;Dijon-Ville;Oui
734673;Darsac;Non
571422;Esvres;Non
345009;Douai;Oui
317503;Feuquières-Fressenneville;Non
447649;Folligny;Non
694869;Gilly-sur-Loire;Non
721480;Dardilly-les-Mouilles;Non
142125;Culmont-Chalindrey;Non
694695;Digoin;Non
718429;Deluz;Non
684241;Ferrières-Fontenay;Non
296871;Flavy-le-Martel;Non
316752;Feuquerolles;Non
393173;Chaville-Vélizy;Non
393637;Chilly-Mazarin;Non
575142;Châtellerault;Oui
296178;Clacy-Mons;Non
387159;Conches;Non
175141;Eurville-Bienville;Non
193805;Enchenberg;Non
413732;Épouville;Non
212357;Drusenheim;Non
594325;Gignac-Cressensac;Non
775791;Générac;Non
683128;Champigny-sur-Yonne;Non
575225;Chasseneuil (Vienne);Non
590372;Châteaubriant TT;Non
381194;Chars;Non
784769;Fontpédrouse-St-Thomas-les-Bai;Non
582403;Gazinet-Cestas;Non
281246;Gravelines;Non
142265;Gudmont;Non
757724;Grasse;Non
726000;St-Étienne-Châteaucreux;Oui
584102;St-Émilion;Non
171751;St-Erme;Non
723494;St-André-le-Gaz;Non
545509;St-Chéron;Non
726307;St-Chamond;Non
773465;St-Aunès;Non
723742;St-Marcel-en-Dombes;Non
718197;St-Lothain;Non
734749;Retournac;Non
471003;Rennes;Oui
726802;Roanne;Non
215012;Sarrebourg;Non
745430;St-Julien-en-Genevois;Non
144477;St-Léonard (Vosges);Non
411413;St-Martin-du-Vivier;Non
487892;St-Mathurin;Non
342048;Achiet;Non
484337;La Possonnière;Non
721548;La Tour-de-Salvagny;Non
613471;Laguépie;Non
313585;Hermes-Berthecourt;Non
381889;Herblay;Non
215103;Igney-Avricourt;Non
784561;Ille-sur-Têt;Non
594085;Jassonneix;Non
393033;Invalides;Oui
191114;Hagondange;Non
191239;Hayange;Non
191346;Kédange;Non
191312;Kuntzig;Non
272013;Jaux;Non
394155;Jouy;Non
741439;Lépin-le-Lac-La Bauche;Non
387142;La Bonneville-sur-Iton;Non
592147;La Celle-Corrèze;Non
756874;La Brigue;Non
671123;Lannemezan;Non
393298;Le Perray;Non
713115;Les Laumes-Alésia;Non
595736;Les Eyzies;Non
478263;Pontorson-Mont-St-Michel;Non
444349;Pont-l'Évêque;Non
747519;Pont-de-Claix;Non
485524;Pamproux;Non
113209;Pantin;Non
317487;Quesnoy-le-Montant;Non
594754;Puybrun;Non
116160;Provins;Oui
718338;Ranchot;Non
611392;Vénerque-le-Vernet;Non
594739;Vayrac;Non
215699;Tieffenbach-Struth;Non
381806;Triel-sur-Seine;Non
342303;Tincques;Non
444372;Trouville-Deauville;Oui
763029;Valence-TGV;Oui
745414;Valleiry;Non
594499;Tulle;Non
396598;Vaas;Non
192088;Woippy;Non
191304;Yutz;Non
393843;St-Quentin-en-Yvelines;Non
694174;St-Symphorien-de-Marmagne;Non
683219;Villeneuve-sur-Yonne;Non
713511;Vougeot-Gilly-lès-Cîteaux;Non
345595;Wambaix;Non
545483;Breuillet-Bruyères-le-Châtel;Non
415323;Bourgtheroulde-Thuit-Hébert;Non
713644;Brazey-en-Plaine;Non
276444;Boran-sur-Oise;Non
543082;Boisseaux;Non
491076;Beillant;Non
474189;Bannalec;Non
713347;Auxonne;Non
746859;Argentière;Non
394486;Arrou;Non
471045;Betton;Non
582841;Caudrot;Non
594002;Brive-la-Gaillarde;Oui
757617;Cannes-la-Bocca;Non
171702;Aguilcourt-Variscourt;Non
444711;Alençon;Non
718155;Arbois;Non
696005;Nevers;Non
681155;Maisons-Alfort-Alfortville;Non
317206;Maresquel;Non
615369;Montastruc-la-Conseillère;Non
338590;Monte-Carlo-Country-Club;Non
594275;Meymac;Non
721175;Lyon-Gorge-de-Loup;Non
611558;Luzenac-Garanou;Non
721001;Lyon-Vaise;Non
745588;Machilly;Non
611152;Montréjeau-Gourdan-Polignan;Non
781534;Montpaon;Non
576363;Luçay-le-Mâle;Non
773424;Lunel-Viel;Non
713735;Louhans;Non
381483;Maurecourt;Non
393702;Massy-TGV;Oui
223263;Lille-Europe;Oui
214502;Lingolsheim;Non
182345;Logelbach;Non
681403;Moulin-Galant;Non
718619;Morteau;Non
576454;Nérondes;Non
592444;Nantiat;Non
613463;Najac;Non
276758;Nointel-Mours;Non
276782;Noyon;Non
345249;Ostricourt;Non
381145;Osny;Non
694398;Cheilly-lès-Maranges;Non
473876;Frynaudour;Non
592360;Fromental;Non
313056;Corbie;Non
491134;Clion-sur-Seugne;Non
184622;Clerval;Non
342063;Courcelles-le-Comte;Non
683649;Cravant-Bazarnes;Non
393348;Gazeran;Non
313262;Gannes;Non
611707;Escalquens;Non
287276;Ennevelin;Non
144642;Étival-Clairefontaine;Non
682427;Fontaine-le-Port;Non
775379;Fons-St-Mamert;Non
317537;Eu;Non
191106;Maizières-lès-Metz;Non
345306;Montigny-en-Ostrevent;Non
323675;Montluçon-Rimard;Non
171355;Mont-Notre-Dame;Non
474338;Morlaix;Oui
715441;Morez;Non
383281;Massy-Verrières;Non
396580;Mayet;Non
214650;Lutzelhouse;Non
485540;Lusignan;Non
185249;Lure;Non
612010;Montaudran;Non
116566;Nogent-l'Artaud-Charly;Non
386318;Nanterre-Université;Oui
386540;Munster-Badischhof;Non
381731;Nézel-Aulnay;Non
286112;Loos-les-Lille;Non
382457;Louveciennes;Oui
192427;Novéant;Non
574368;Noizay;Non
594630;Objat;Non
713669;Pagny (Côte-d'Or);Non
478750;Port-Brillet;Non
641316;Pontgibaud;Non
276154;Pont-Petit;Non
696260;Saincaize;Non
313403;Remy (Oise);Non
192237;Rémilly;Non
287300;Ruminghem;Non
214726;Rothau;Non
317404;Rue;Non
592097;St-Denis-des-Murs;Non
745620;Perrignier;Non
765206;Sorgues-Châteauneuf-du-Pape;Non
741454;St-Béron-La Bridoire;Non
755330;Solliès-Pont;Non
286831;Pont-de-Bois;Non
474411;Plouigneau;Non
491100;Pons;Non
751636;Séon-St-Henry;Non
212126;Stephansfeld;Non
413344;Bréauté-Beuzeville;Non
444042;Bretteville-Norrey;Non
486324;Bournezeau;Non
682518;Boissise-le-Roi;Non
491019;Bords;Non
673285;Bénesse-Maremne;Non
215335;Berthelming;Non
592352;Bersac;Non
192658;Baroncourt;Non
765008;Avignon;Non
171561;Ay;Non
317198;Beaurainville;Non
696468;Béard;Non
696492;Cercy-la-Tour;Non
763250;Aspres-sur-Buëch;Non
491233;Aubie-St-Antoine;Non
485102;Angoulins-sur-Mer;Non
394205;Amilly-Ouerray;Non
171744;Amifontaine;Non
574343;Amboise;Non
313072;Albert;Non
317263;Calais-Ville;Non
718122;Byans;Non
345439;Brunémont;Non
741009;Chambéry-Challes-les-Eaux;Oui
545152;Chamarande;Non
484360;Ingrandes-sur-Loire;Non
575217;Jaunay-Clan;Non
393066;Javel;Non
191700;Joeuf;Non
755306;La Garde;Non
382473;L'Étang-la-Ville;Non
471151;Guichen-Bourg-des-Comptes;Non
447680;Granville;Non
313692;Herchies;Non
471342;Le Theil-de-Bretagne;Non
481168;Le Cellier;Non
113845;Les Coquetiers;Non
723478;La Tour-du-Pin;Non
582866;La Réole;Non
144162;Laveline-devant-Bruyères;Non
597781;Lavaveix-les-Mines;Non
575498;Lathus;Non
324335;Hirson-Écoles;Non
184507;Héricourt;Non
592345;St-Sulpice-Laurière;Non
765354;Tarascon;Non
721282;St-Germain-au-Mont-d'Or;Non
773531;Vic-Mireval;Non
142232;Vignory;Non
722587;Vienne;Non
746727;Vaudagne;Non
571414;Veigné;Non
381178;Us;Non
784231;Argelès-sur-Mer;Non
342071;Boisleux;Non
611764;Aubiet;Non
342592;Bailleul-Sir-Berthoult;Non
590349;Babinière;Non
473165;Belle-Isle-Bégard;Non
476408;Belz-Ploemel;Non
592188;Barsanges;Non
582759;Barsac;Non
393546;Bièvres;Non
723544;Beynost;Non
473827;Brélidy-Plouëc;Non
394452;Brou;Non
784785;Planès;Non
734087;Pont-du-Château;Non
673699;Pont-Noblia;Non
276139;Pontoise;Oui
487603;Saumur-Rive-Droite;Non
725671;Senozan;Non
411017;Rouen-Rive-Droite;Oui
396259;Rouessé-Vassé;Non
654798;Rosa Parks;Non
672766;Sarrance;Non
474635;Roscoff;Non
271494;Roissy-Aéroport-CDG 2;Oui
171595;Rilly-la-Montagne;Non
571455;Reignac;Non
116699;Oulchy-Breny;Non
214742;St-Blaise-la-Roche-Poutay;Non
571539;St-Antoine-du-Rocher;Non
574897;St-Aignan-Noyers;Non
694851;St-Agnan;Non
718296;St-Amour;Non
476671;Questembert;Non
672279;Puyoô;Non
381269;Sérifontaine;Non
471532;Servon;Non
213660;Kurtzenhouse;Non
722678;Le Péage-de-Roussillon;Non
413013;Le Havre;Oui
182329;Herrlisheim-près-Colmar;Non
214627;Heiligenberg-Mollkirch;Non
281899;Haussmann-St-Lazare;Oui
316059;Heilly;Non
393645;Gravigny-Balizy;Non
582619;Gujan-Mestras;Non
611673;Grisolles;Non
271551;Le Plessis-Belleville;Non
681247;Le Vert-de-Maisons;Non
484139;Le Vieux-Briollay;Non
353573;Le Toec;Non
723577;La Valbonne;Non
781583;Le Bousquet-d'Orb;Non
474270;Landivisiau;Non
734350;Langogne;Non
286575;Landas;Non
394254;La Loupe;Non
696534;Luzy (Nièvre);Non
594671;Lubersac;Non
400986;Magneux-Courlandon;Non
485250;Mauzé;Non
116103;Meaux;Oui
144212;Mirecourt;Non
784546;Millas;Non
547307;Musée-d'Orsay;Oui
214585;Mutzig;Non
592725;Nexon;Non
682401;Livry-sur-Seine;Non
682153;Lieusaint-Moissy;Oui
615310;Lisle-sur-Tarn;Non
212274;Limersheim;Non
192039;Metz-Ville;Oui
345272;Meurchin;Non
713701;Mervans;Non
765818;Monteux;Non
182592;Moosch;Non
765420;Morières-lès-Avignon;Non
484170;Morannes;Non
391300;Morre;Non
345033;Loos-en-Gohelle;Non
611178;Loures-Barbazan;Non
194001;Longwy;Non
313221;Ailly-sur-Noye;Non
316745;Acheux-Franleu;Non
481614;Abbaretz;Non
722744;Alai;Non
586008;Agen;Oui
281055;Croix-l'Allumette;Non
286781;Cysoing;Non
281113;Esquelbecq;Non
393207;Chaville-Rive-Gauche;Non
444877;Cherbourg;Oui
743344;Cize-Bolozon;Non
574509;Cloyes;Non
447110;Coutances;Non
316109;Dommartin-Remiencourt;Non
721449;Dardilly-le-Jubin;Non
611681;Dieupentale;Non
725895;Échirolles;Non
214239;Eichhoffen;Non
271403;Drancy;Oui
683201;Étigny-Véron;Non
681361;Évry;Non
171330;Fismes;Non
576108;Foëcy;Non
342212;Frévin-Capelle;Non
615252;Gaillac;Non
382259;Garches-Marnes-la-Coquette;Non
694653;Génelard;Non
381293;Gournay-Ferrières;Non
415349;Glos-Montfort;Non
747477;Goncelin;Non
732206;St-Germain-des-Fossés;Non
726190;St-Étienne-Bellevue;Non
485136;St-Laurent-de-la-Prée;Non
595520;St-Pierre-de-Chignac;Non
742361;St-Michel-Valloire;Non
576231;Varennes-sur-Fouzon;Non
271601;Vaumoise;Non
697318;Villetaneuse-Université TT;Non
116749;Villiers-Montbarbin;Non
682500;Vosves;Non
444216;St-Pierre-sur-Dives;Non
723387;St-Quentin-Fallavier;Non
721456;St-Romain-de-Popey;Non
726422;Sury-le-Comtal;Non
783456;Tournemire-Roquefort;Non
611004;Toulouse-Matabiau;Oui
761163;Tain-l'Hermitage-Tournon;Non
276741;Thourotte;Non
113712;Val-de-Fontenay;Oui
213744;Wingen-sur-Moder;Non
773515;Villeneuve-lès-Maguelone;Non
300863;Besançon-Franche-Comté-TGV;Oui
213611;Bischwiller (Bas-Rhin);Non
713073;Blaisy-Bas;Non
757690;Biot;Non
581850;Bassens-Ville;Non
295808;Berlaimont;Non
193250;Béning;Non
295725;Avesnelles;Non
581736;Bruges;Non
476242;Brandérion;Non
396549;Arnage;Non
784801;Bolquère-Eyne;Non
784876;Bourg-Madame;Non
281279;Bourbourg;Non
142224;Bologne;Non
545178;Bouray;Non
381905;Cergy-Préfecture;Oui
583690;Chalais;Non
113878;Allée-de-la-Tour-Rendez-Vous;Non
743716;Ambérieu;Non
775171;La Bastide-St-Laurent-les-Bain;Non
641399;Le Vauriat;Non
396002;Le Mans;Oui
345025;Lens;Oui
734160;Le Cendre-Orcet;Non
594796;Laval-de-Cère;Non
757542;Le Dramont;Non
783548;Le Bruel;Non
485508;La Mothe-St-Héray;Non
615526;Labruguière;Non
751719;La Pomme;Non
394403;La Taye;Non
691600;Les Perrières;Non
386300;Les Vallées;Non
286427;La Fontaine-Nord;Non
382218;La Défense;Oui
734178;Les Martres-de-Veyre;Non
741496;Les Abrets-Fitilieu;Non
144220;Hymont-Mattaincourt;Non
491142;Jonzac;Non
144089;Igney;Non
682435;Héricy;Non
345256;Libercourt;Non
681825;Villeneuve-St-Georges;Oui
734186;Vic-le-Comte;Non
491209;St-Mariens-St-Yzan;Non
481705;St-Nazaire;Oui
741140;Viviers-du-Lac;Non
681312;Viry-Châtillon;Non
721340;St-Georges-de-Reneins;Non
611624;St-Jean-de-Verges;Non
726851;St-Jodard;Non
728501;St-Fons;Non
212027;Strasbourg-Ville;Oui
783431;St-Rome-de-Cernon;Non
712331;Velars;Non
761759;Tullins-Fures;Non
116293;Vaires-Torcy;Non
584474;Trémolat;Non
673624;Ustaritz;Non
116491;Trilport;Non
182196;Zillisheim;Non
182360;Walbach;Non
671487;Ygos;Non
214213;Dambach-la-Ville;Non
116301;Coulommiers;Non
782607;Clermont-La Pardieu;Non
783290;Chirac;Non
116111;Chelles-Gournay;Non
484246;Chemillé;Non
313478;Chaulnes;Non
613174;Dégagnac;Non
721738;Dommartin-Lissieu;Non
286435;Don-Sainghin;Non
396564;Écommoy;Non
382465;Marly-le-Roi;Non
184572;L'Isle-sur-le-Doubs;Non
194274;Longuyon;Non
988717;Lycée-Henri-Sellier;Non
734368;Luc (Lozère);Non
486258;Luçon;Non
172213;Nouvion-sur-Meuse;Non
184275;Montreux-Vieux;Non
575480;Montmorillon;Non
313577;Mouy-Bury;Non
763508;Montdauphin-Guillestre;Non
611699;Montbartier;Non
747329;Moirans;Non
574681;Monnaie;Non
575175;Naintré-les-Barres;Non
116681;Neuilly-St-Front;Non
287292;Nortkerque;Non
645481;Murat;Non
574137;Meung-sur-Loire;Non
313668;Méru;Non
276279;Orry-la-Ville-Coye;Non
471201;Fougeray-Langon;Non
726729;Firminy;Non
497461;Galliéni-Cancéropole;Non
175075;Fronville-St-Urbain;Non
611772;Gimont-Cahuzac;Non
722439;Givors-Canal;Non
584235;Gardonne;Non
144006;Épinal;Non
775254;Grand'Combe-La Pise;Non
618082;Golfech;Non
574640;St-Amand-de-Vendôme;Non
382341;Sèvres-Ville-d'Avray;Non
394213;St-Aubin-St-Luperce;Non
761742;Poliénas;Non
746206;Pringy (Haute-Savoie);Non
784264;Port-Vendres-Ville;Non
473843;Pontrieux;Non
481283;Pornic;Non
571653;Rivarennes-Quinçay;Non
185314;Ronchamp;Non
182071;Rixheim;Non
784660;Ria;Non
171645;Sept-Saulx;Non
144311;Rozières-sur-Mouzon;Non
113696;Rosny-Bois-Perrier;Oui
286732;Roubaix;Non
214783;Saales;Non
396408;Sablé;Non
478149;Pleudihen;Non
391102;Paris-Vaugirard;Oui
784009;Perpignan;Oui
473868;Paimpol;Non
342337;St-Pol-sur-Ternoise;Non
212191;Strasbourg-Roethig;Non
683318;St-Florentin-Vergigny;Non
297531;St-Hilaire (Nord);Non
682294;St-Mammès;Non
584615;St-Seurin-sur-l'Isle;Non
611350;Vernet-d'Ariège;Non
576009;Vierzon-Ville;Oui
756890;Viévola;Non
784611;Vinça;Non
116210;Tournan;Non
755009;Toulon;Oui
382432;La Celle-St-Cloud;Non
481689;La Croix-de-Méan;Non
182642;Kruth;Non
271023;Paris-Nord-Souterraine;Oui
354589;Pas-Enchantés;Non
753707;Orgon;Non
672006;Pau;Oui
116517;La Ferté-sous-Jouarre;Non
175091;Joinville (Haute-Marne);Non
751743;La Penne-sur-Huveaune;Non
192229;Sanry-sur-Nied;Non
286401;Santes;Non
396317;Sceaux-Boësse;Non
684217;Souppes-Château-Landon;Non
594333;Souillac;Non
682443;Vulaines-sur-Seine-Samoreau;Non
316208;Wacquemoulin;Non
144121;Xertigny;Non
757641;Golfe-Juan-Vallauris;Non
755264;La Seyne-Tamaris-sur-Mer;Non
747220;Le Grand-Lemps;Non
718437;Laissey;Non
317107;Hesdigneul;Non
295568;Hautmont;Non
276410;Précy-sur-Oise;Non
586107;Port-Ste-Marie;Non
141523;Pont-St-Vincent;Non
393041;Pont-de-l'Alma;Oui
447185;Pont-Hébert;Non
473090;Plestan;Non
583849;Ruffec (Charente);Non
386680;Les Mureaux;Non
276238;Les Noues;Non
286500;Phalempin;Non
172080;Revin;Non
751206;Sisteron;Non
571513;La Membrolle-sur-Choisille;Non
566919;Lentilly-Charpenay;Non
444083;Le Molay-Littry;Non
444588;Le Merlerault;Non
645192;Le Rouget;Non
597625;Marsac (Creuse);Non
734871;Massiac;Non
334482;Neuville-Université;Non
597070;Neuvy-Pailloux;Non
595512;Niversac;Non
594135;Montaignac-St-Hippolyte;Non
471185;Messac-Guipry;Non
471086;Montauban-de-Bretagne;Non
116137;Longueville (Seine-et-Marne);Non
272195;Longueil-Annel;Non
481366;Machecoul;Non
641365;Magnette;Non
734129;Aigueperse;Non
755223;Bandol;Non
543207;Avenue-du-Président-Kennedy-Ra;Oui
295600;Aulnoye-Aymeries;Non
313767;Aumale;Non
694570;Autun;Non
718007;Besançon-Viotte;Oui
781005;Béziers;Oui
615005;Albi-Ville;Non
286856;Annappes;Non
775809;Beauvoisin;Non
182113;Bartenheim;Non
581801;Bègles;Non
444067;Bayeux;Non
746008;Annecy;Oui
597708;Busseau-sur-Creuse;Non
415364;Brionne (Eure);Non
317321;Caffiers;Non
765503;Cavaillon;Non
746701;Chedde-Voie-Étroite;Non
382333;Chaville-Rive-Droite;Non
763425;Chorges;Non
734004;Clermont-Ferrand;Oui
381475;Chanteloup-les-Vignes;Non
484352;Champtocé-sur-Loire;Non
116731;Couilly-St-Germain;Non
444232;Couliboeuf;Non
592840;Coussac-Bonneval;Non
696484;Decize;Non
575126;Dangé;Non
474015;Dirinon;Non
545525;Dourdan;Non
276436;Domont;Non
592121;Eymoutiers-Lac-de-Vassivière;Non
722538;Feyzin;Non
478552;Évron;Non
448001;Flers;Non
415620;Gaillon-Aubevoye;Non
757500;Fréjus;Non
172130;Givet;Non
116772;Crécy-en-Brie-La Chapelle;Oui
481804;Couëron;Non
313742;Feuquières-Broquiers;Non
212266;Fegersheim-Lipsheim;Non
721753;Châtillon-d'Azergues;Non
574301;Chouzy;Non
696617;Corbigny;Non
276584;Ermont-Halte;Non
545145;Étréchy;Non
281469;Ebblinghem;Non
393488;Dreux;Non
286641;Fretin (Nord);Non
354597;Frêne-Rond;Non
212332;Gambsheim;Non
295048;Fourmies;Non
713826;Ruffey-lès-Echirey;Non
287193;Ste-Marguerite;Non
743336;Simandre-sur-Suran;Non
751800;Septèmes;Non
613257;St-Christophe;Non
182139;St-Louis (Haut-Rhin);Non
671495;St-Martin-d'Oney;Non
001479;Roissy-Aéroport-CDG 2-RER;Oui
481036;Rezé-Pont-Rousseau;Non
576868;Selles-sur-Cher;Non
753764;Salon;Non
144683;St-Michel-sur-Meurthe;Non
146217;St-Nabord;Non
396366;La Suze;Non
756767;La Trinité-Victor;Non
582882;Lamothe-Landerron;Non
191163;Hettange-Grande;Non
295063;Hirson;Non
342261;Ham-en-Artois;Non
286096;Haubourdin;Non
481697;La Baule-les-Pins;Non
295014;Jeumont;Non
673632;Jatxou;Non
718544;Le Valdahon;Non
571802;La Chapelle-sur-Loire;Non
751271;La Brillanne-Oraison;Non
592501;La Coquille;Non
751784;La Ciotat;Non
641043;Lapeyrouse;Non
734319;Langeac;Non
393280;Les Essarts-le-Roi;Non
721704;Les Flachères;Non
682526;Ponthierry-Pringy;Non
592428;Peyrilhac-St-Jouvent;Non
141556;Pierreville;Non
391532;Vanves-Malakoff;Non
574558;Vendôme;Non
594606;Varetz;Non
381822;Thun-le-Paradis;Non
141044;Toul;Non
775106;Uchaud;Non
474569;St-Pol-de-Léon;Non
571554;St-Paterne;Non
594408;Terrasson-Lavilledieu;Non
765438;St-Saturnin-d'Avignon;Non
313882;TGV Haute-Picardie;Oui
474312;St-Thégonnec;Non
182568;Thann;Non
713339;Villers-les-Pots;Non
725820;Vonnas;Non
734244;Brassac-les-Mines-Ste-Florine;Non
712265;Bretigny-Norges;Non
471102;Breteil;Non
444380;Blonville-sur-Mer-Benerville;Non
296269;Bohain;Non
297291;Barenton-Bugny;Non
726778;Bas-Monistrol;Non
175042;Bar-le-Duc;Non
342246;Aubigny-en-Artois;Non
345447;Aubigny-au-Bac;Non
683680;Arcy-sur-Cure;Non
734251;Arvant;Non
734111;Aubiat;Non
317248;Blangy-sur-Ternoise;Non
594747;Bétaille;Non
444299;Bernay;Non
696336;Bessay;Non
334490;Cesson-Sévigné-Halte;Non
382499;Cergy-St-Christophe;Oui
316067;Buire-sur-l'Ancre;Non
582684;Cadaujac;Non
319012;Aix-en-Provence-TGV;Oui
615187;Alet-les-Bains;Non
484048;Angers-Maître-École;Non
191643;Apach (Moselle);Non
745497;Annemasse;Non
317255;Anvin;Non
611517;L'Hospitalet-près-l'Andorre;Non
615112;Lézignan (Aude);Non
783514;Les Salelles;Non
213256;Niederbronn-les-Bains;Non
396028;Neuville-sur-Sarthe;Non
712182;Neuilly-lès-Dijon;Non
575167;Nerpuy;Non
694182;Marmagne-sous-Creusot;Non
611194;Marignac-St-Béat;Non
722025;Lyon-Perrache-Voyageurs;Oui
583823;Luxé;Non
316406;Montreuil-sur-Thérain;Non
471078;Montfort-sur-Meu;Non
413724;Montivilliers;Non
478537;Montsûrs;Non
393611;Longjumeau;Non
447219;Lison;Non
271577;Nanteuil-le-Haudouin;Non
214643;Mullerhof;Non
116095;Nangis;Non
478545;Neau;Non
672725;Oloron-Ste-Marie;Non
734509;Noirétable;Non
192435;Onville;Non
271585;Ormoy-Villers;Non
743534;Oyonnax;Non
462085;Chamonix-Aiguille du Midi;Non
741231;Chamousset;Non
721829;Chamelet;Non
381897;Conflans-Ste-Honorine;Oui
615203;Couiza-Montazels;Non
721225;Collonges-Fontaines;Non
725713;Crêches-sur-Saône;Non
723502;Crépieux-la-Pape;Non
613232;Cransac;Non
753491;Croix-Sainte;Non
271874;Crouy;Non
476770;Drefféac;Non
732404;Gannat;Non
718577;Gilley;Non
697300;Épinay-Villetaneuse TT;Non
276022;Enghien-les-Bains;Oui
276055;Ermont-Eaubonne;Oui
116327;Esbly;Non
611616;Foix;Non
181131;Graffenwald;Non
613059;Gramat;Non
116665;Mareuil-sur-Ourcq;Non
775064;Manduel-Redessan;Non
725689;Mâcon-Ville;Non
765412;Montfavet;Non
696328;Moulins-sur-Allier;Oui
116244;Mortcerf;Non
595207;Marsac (Dordogne);Non
471227;Massérac;Non
611814;Mérenvielle;Non
783605;Mende;Non
683557;Monéteau-Gurgy;Non
597674;Montaigut;Non
681346;Orangis-Bois-de-l'Épine;Non
393447;Orgérus-Béhoust;Non
113746;Nogent-Le Perreux;Oui
615732;Naucelle;Non
116632;Lizy-sur-Ourcq;Non
113217;Noisy-le-Sec;Oui
734194;Parent-Coudes-Champeix;Non
296145;Origny-en-Thiérache;Non
781062;Port-la-Nouvelle;Non
415661;Pont-de-l'Arche;Non
343319;Raismes (Nord);Non
753426;Rassuen;Non
611954;Route-de-Launaguet;Non
615351;Roquesérière;Non
672741;St-Christau-Lurbe;Non
775072;St-Césaire;Non
476648;Ste-Anne;Non
381012;Péreire-Levallois;Non
313106;Picquigny;Non
295543;Sous-le-Bois;Non
345405;Sin-le-Noble;Non
182600;St-Amarin;Non
271163;Pierrefitte-Stains;Oui
682187;Savigny-le-Temple-Nandy;Non
783365;Sévérac-le-Château;Non
444315;Serquigny;Non
411470;Serqueux;Non
713628;Saulon;Non
784520;St-Féliu-d'Avall;Non
481242;Bourgneuf-en-Retz;Non
611822;Brax-Léguevin;Non
474007;Brest;Oui
481200;Bouaye;Non
382002;Bécon-les-Bruyères;Non
191601;Basse-Ham;Non
574160;Beaugency;Non
713545;Beaune;Non
208553;Casino-Lacroix-Laval;Non
581595;Cenon;Non
415158;Auffay;Non
765735;Carpentras;Non
611061;Carbonne;Non
747451;Brignoud;Non
317180;Brimeux;Non
473074;Broons;Non
487280;Cerizay;Non
715391;La Chaumusse-Fort-du-Plasne;Non
381871;La Frette-Montigny;Non
113803;Les Yvris-Noisy-le-Grand;Non
576181;Les Quatre-Roues;Non
746834;Les Tines;Non
673459;Guéthary;Non
313676;Laboissière-le-Déluge;Non
543140;Lamotte-Beuvron;Non
611947;Lalande-Église;Non
592634;L'Aiguille;Non
473108;Lamballe;Non
381798;Le Val-d'Argenteuil;Oui
328021;Les Cauquillous;Non
471516;Les Lacs;Non
583427;La Rochefoucauld;Non
473124;La Méaugon;Non
334508;La Poterie;Non
611483;Latour-de-Carol-Enveitg;Non
641274;Laqueuille;Non
712323;Lantenay;Non
545160;Lardy;Non
212167;Hochfelden;Non
182204;Illfurth;Non
213447;Hoffen;Non
757583;Théoule-sur-Mer;Non
343400;Trith-St-Léger;Non
615245;Tessonnières;Non
595124;Thiviers;Non
328195;Thésée;Non
276634;Taverny;Non
641423;Volvic;Non
682112;Yerres;Non
582536;Ychoux;Non
281444;St-Omer (Pas-de-Calais);Non
353599;St-Martin-du-Touch;Non
759316;St-Joseph-Le Castellas;Non
592287;St-Germain-les-Belles;Non
673269;St-Geours-de-Maremne;Non
576165;Villeherviers;Non
761726;Vinay;Non
571216;Vendôme-Villiers-sur-Loir;Oui
775114;Vergèze-Codognan;Non
597633;Vieilleville;Non
584177;Vélines;Non
